cookie_id,score
ck_315fb710a0e371e7,0.001143124711206239
ck_a76ee3b3e3e522fd,0.07026699846290883
ck_94c9a4d382689e82,0.02984151961750699
ck_8eaf9509ad9462a0,0.00621383960645521
ck_9a88a5a989cb5bc6,0.011657413642259315
ck_15239ef0689c1a35,0.019181341247448854
ck_8de69cd219d3b87f,0.30239681859834583
ck_f92cd37022b0ce21,0.05907620955848712
ck_1a3ff7620580a514,0.0022505644293711767
ck_397c03aa33a57310,0.052230683103183045
ck_a7cf6c3b322f6b7a,0.04574288547126867
ck_c39a9e75760e3201,0.10853035258941192
ck_88ab6d245228c38e,0.0007709171061406059
ck_17733f75ebdea93e,0.0479641857904814
ck_58eb871e8d7bed52,0.016416035741769013
ck_e55b7fa67db1ec27,0.008781517007564273
ck_62f5cfe22c952694,0.1227674232555561
ck_7fbb709a0fe95759,0.00841849592729395
ck_87abe9cd066a20fb,0.037833847648932856
ck_d58e058b5c553dd5,0.012081068430694774
ck_d27b872648b71202,0.005156318707056445
ck_4b4a3c5b95c55b43,0.003926733722755195
ck_66dd4f4b4127256d,0.003816296805921331
ck_93cc12703b500613,0.02278976439682582
ck_d28806a2179092eb,0.9988059676089242
ck_0595c2a0c7881e05,0.019916544193289205
ck_50087d8666191144,0.0030497681391672576
ck_b08b3f089138c901,0.009313585269743237
ck_fe3b67041dad2dd1,0.012216836984035943
ck_8449a28f7d475d93,0.02772113039700588
ck_8642e3b6d84f49d3,0.018638169372383228
ck_e49b5e4f2f2e79db,0.23960040532470558
ck_437afe412ea4259c,0.15903799869147361
ck_569b83668d74042d,0.19524975028284927
ck_233a487d31c3e631,0.9971337638956225
ck_1fca72e03143a645,0.7683295641225837
ck_79205e31223df2ad,0.03793896892935835
ck_9625a64406ea16e3,0.049747223087857916
ck_079bd18dacb704a8,0.3833239890936558
ck_4db6d4fd2b49aa81,0.01155484245655958
ck_0dbefdac0a1868fb,0.012881415411207653
ck_24ff97ad90bdd69a,0.11509255324681529
ck_77f8c5042065d506,0.0029235881878764856
ck_f11be8ce05382cec,0.07490231276141607
ck_c9d72140b0389216,0.04938486456979523
ck_69eda24e931fb36a,0.002563565935457679
ck_ed471e496916ee15,0.02011331836116124
ck_ff090498c4b17ac3,0.0029283384738241166
ck_c3c19d6a0720915c,0.007481852001754408
ck_af02e1817cfa40b5,0.38589737427449894
ck_2df5a9fc87553eb1,0.0029109184090566845
ck_4ac918e884cff336,0.019074968926984324
ck_ca149244b54ef3ad,0.001251279333024481
ck_6babe5b8674ff51f,0.0064260919741554075
ck_1573878386886290,0.006947781771747289
ck_3925f8565abb7fe4,0.019483212541554808
ck_c4de808ae69c771f,0.001734459622561015
ck_a777c813551281fe,0.043483473032119205
ck_df4424f6dd85080d,0.06877214840579739
ck_85e5494ec20383ae,0.01972022424644894
ck_f71a4094e889c3af,0.01680923331395864
ck_f2f3cf9cd23b2809,0.057129205756232364
ck_18e2076397bcc211,0.046999197468354584
ck_c9f9fddef39bc664,0.0457689984792114
ck_7e826e233d6ea028,0.024422283087243455
ck_62fd7eb46bee9210,0.014839583911473199
ck_206f8e3cd72768f3,0.04972172309095625
ck_aa295a11b0a6ab36,0.007034959729282854
ck_9a56739d81f84a53,0.008111009370411211
ck_aa075c418ed9fe5a,0.1038476429972692
ck_62b9fb3db284941b,0.050110616438593984
ck_f4f83b1403ebea46,0.003752049791501223
ck_16b66bd803288bc3,0.2343192601701779
ck_c4ca1434f3778f1d,0.9978738582360118
ck_1b823610371a29c0,0.01608650352463726
ck_c2bd5a722aa637d9,0.021910330761634456
ck_7890208951df34f0,0.03724464941963119
ck_020eb0e454524ecd,0.0007447868712497803
ck_3b66196ccf436c35,0.0024474578006461545
ck_109fc467ec0a4af5,0.04695876490476142
ck_f3dcd818db92de7b,0.01544441497737408
ck_31e7742f160980ef,0.01464161718909046
ck_77fce5f86f00b8f4,0.07894702920336628
ck_46bc797b4d07d607,0.008554001068231176
ck_37899b1b571b1c6b,0.015293090680023103
ck_ef8a6af43fedd464,0.027382930066037946
ck_bcc8519fe8521038,0.004458375849881648
ck_90696b7182dd9129,0.008562014098181999
ck_4a24ad61d017e1ba,0.028498229644053904
ck_0acc3d8c67218b9d,0.1236551901564487
ck_05c97fc9de11aba6,0.07693227799520552
ck_f8ac3a0500c0ec62,0.0049819311246990464
ck_617b65141f546a1c,0.056959053389832474
ck_9d00823bf60388d7,0.017579846128927136
ck_123c15d93f1840f2,0.26515857378338104
ck_573feefba6bf78bb,0.20142399156166185
ck_b25657bd16739036,0.010825701239182254
ck_bd26d2bef14a8597,0.007824843809936166
ck_a553418f2fba1440,0.019239992759692483
ck_89f3e380b0686963,0.03112590927040052
ck_b359192aa659bdce,0.009622902675822761
ck_02241f3dc301bebf,0.004859507448446466
ck_5ccc1a1c78cb33ee,0.11334677905987484
ck_349cc5edda1b8853,0.0278796579342724
ck_e9f228845bf6e28b,0.032909099365722054
ck_0a45d033d4e280ea,0.017087782494060354
ck_7e63168dda612235,0.0006830565759715549
ck_676fa5f6aae5475b,0.018265318569533125
ck_74b502b20690ccfe,0.003675950229841518
ck_073509af21dd7f5f,0.9460571647232057
ck_498a0acd450944d8,0.0137871105590616
ck_7f15b50b29dead01,0.06781406104174147
ck_8089fe7403c5f537,0.007770470893318615
ck_05b2b04e11d9ae9c,0.020749572079751658
ck_31e70f2f04b48b88,0.0048219167248030655
ck_994316fa5a02b319,0.002633156779482332
ck_b76510998b9a2260,0.013888252029236966
ck_4db95c310e105d30,0.006022352346181535
ck_6f730b77dc6cdb84,0.15845500608166224
ck_2493ee8e7b91d304,0.0130426935703083
ck_92d679d6ac7dcdcb,0.11078528208325229
ck_3a0e0200cbb185cb,0.422977475099527
ck_0b2eeb4e00ff7955,0.02578715410425892
ck_9843d0e61c37ebe8,0.9990715351225979
ck_e61c8721e3ef1921,0.0068406357836477165
ck_2e0eedaaf2980c2c,0.10987301022611165
ck_9036b2e5e9298a34,0.24548879295681844
ck_3265442528d51728,0.09969757841981872
ck_f2ddae2eb1cb29b4,0.05605152378249981
ck_6cfa71d27fc27f92,0.017034267872925474
ck_f3199fbe84a28b9a,0.5962464161950614
ck_b78d785ca3ef773a,0.00788688706230832
ck_374865697f1480eb,0.004104539954778356
ck_06d0e4a9189302a9,0.01565507443561282
ck_9c9884b9bcaa552e,0.17049019170326576
ck_fd4cf578e87703ff,0.02729063489806056
ck_1917ef3e6e345549,0.057626554328583865
ck_e70418b00cbbbac9,0.04592326061883382
ck_a60388296a47062c,0.029168031898311204
ck_d598fe8d2c779ab9,0.0071637254672316285
ck_646dc03de4c31803,0.32001963921200594
ck_e4fd8cbd842b6993,0.0049827471530252175
ck_2225b555aa2a42ed,0.011717411559956965
ck_6be8ae9d78148882,0.0029057247990765655
ck_4199342d3aca74e8,0.05916130418433982
ck_779581adb573261f,0.04095871096844834
ck_bb303568b6915205,0.019355649094777525
ck_17c4296276448afe,0.034556594859574484
ck_a60a61ac829252a0,0.004122524387570525
ck_6ea70950c1cae00b,0.9965773653905037
ck_1abb93f6924645e1,0.010924738788021264
ck_faab769cce19879a,0.02556136445599518
ck_d5b8e74e7ca6355a,0.011283271527133756
ck_f11f7691af16ad07,0.004705876261692045
ck_188fdf2be7c92e9d,0.9976689388728652
ck_4a103f8254b366f7,0.07693959308551959
ck_bfa17a0b1760e616,0.0033536822101519017
ck_a4d7f6a5869d440a,0.8344119261277625
ck_58e20f5a3e7f11b8,0.9379432426539436
ck_4becdd3d2696c7ba,0.017336653769875438
ck_dad5cf32ab9f243f,0.09159461600172172
ck_7d9f73dc7c4f90c3,0.16052293348757432
ck_c19371047a2d011d,0.024535745677639036
ck_247589ff532f7aa8,0.005685944661594026
ck_7a9f241d5f082567,0.027336906030935634
ck_0a2b7078736b4dda,0.002373209853958468
ck_687b412e2aac7eb6,0.0057501444480853635
ck_fce0b6855886a0b8,0.007142546923120747
ck_e291cc60920456d0,0.023117685652913438
ck_04219a7ea798db51,0.02057186053280633
ck_286bfd719836e9f3,0.1021844339706049
ck_55efc92394fee232,0.016402325221350204
ck_e36c8da1bd359960,0.01592842032438486
ck_34b0988a97d96902,0.005100814475757385
ck_e0fb11fc9dcb34e6,0.0026376678796106745
ck_bcc9cbc9ed8b7c31,0.006525414378939308
ck_3df8da6f60a89a5b,0.013290806485511121
ck_b1495ee5c59a6b28,0.018936697793542723
ck_58f4c3ac61fda129,0.04355484425342232
ck_735f244b99e3aa8d,0.012701540559724469
ck_6b93bd8abf87b1d6,0.9039552792659371
ck_12107dacc6d05bd1,0.023218087437706335
ck_f96db2a1f3448d1f,0.012271744239378263
ck_8fd91a3c99e19097,0.013294255526140096
ck_910205d25388a0ae,0.004941828897038848
ck_d229dfa0e4442628,0.019541861539967793
ck_7cdec61e1c488798,0.018798084517099887
ck_f66f06e24ff32671,0.05235364073072651
ck_350bf14e90b503f5,0.019771526167604223
ck_61fff5fdaadd394b,0.005499995483177902
ck_e934f984bad2ff91,0.24342713273081287
ck_ff6a6d3547dd2d37,0.03056195636665253
ck_65ad9b15979e3247,0.0077978067569813665
ck_bbe1a2ea5a403ad8,0.6197264108361745
ck_6f3a28eecd2c4031,0.02092904480622854
ck_a89b66665714058f,0.00523241375770393
ck_918c92182b6817cd,0.026851421155035075
ck_64f5eb4be9e7b8fa,0.10400569650288471
ck_d021fd497ea35fb2,0.03803835677270504
ck_004de16f7d8a42ae,0.023147679057957633
ck_a33d2325f86ab12d,0.012174086688455401
ck_89790ff26c844bc6,0.06988453346149695
ck_e6e7257377c37b28,0.12291370981737935
ck_a2cc3910a641a808,0.49961478267735543
ck_646e270e0195bf05,0.013940042979058643
ck_baba5d66def0d770,0.029813559270159613
ck_67cdcdda3033842d,0.599604980819079
ck_b5c3075c811a2216,0.05290607408398843
ck_515379973a8044b8,0.06588444701056634
ck_c0ce85fb4109567d,0.014062961033116095
ck_fef850553862aaca,0.024291809768424974
ck_55d7217b0aff9fa2,0.0504549666074873
ck_8e139f8925ef7968,0.005112579290866183
ck_9e35b908fca1e4d7,0.01428255606709732
ck_59735f4ab2ad3da5,0.022159133867179933
ck_dc569c1167ccec0d,0.41746560455589476
ck_1dade5592f90a15c,0.026279297396650803
ck_793048d11fb8b328,0.2300724181720495
ck_545b71eb4fa594b5,0.0056926872207742705
ck_bd30853e9a57b544,0.03457947002592026
ck_59f46321ecf6d306,0.014362508519180268
ck_260cfe9141d249f1,0.20817291544365776
ck_3365a0ad1a8aa83c,0.0017766638629980757
ck_b0ef193195a2138b,0.007790988826184938
ck_0f909705e2e60f2f,0.022982807270098313
ck_5a540b75c866166a,0.03815173721058662
ck_87c26b2f41025109,0.9984474294819335
ck_27acc9f320cda104,0.26200874474484226
ck_a27bc31eecd9cb9a,0.007751093664504952
ck_115d86fabde77b65,0.01136427173889801
ck_eeca179341d56f8a,0.3034081023519108
ck_8e5999c436cf037e,0.008450536300663317
ck_510e7c5df1f95d90,0.992940967055926
ck_f1acf73363925958,0.007047375721183918
ck_3c177f5970b68bd3,0.025956976755745806
ck_9cdfaa1c30cc9d32,0.0061499485090537875
ck_c8efa1538b37c359,0.059398149911143276
ck_a8a2e296f9804bd7,0.010606804776117142
ck_91a0ca45f429568d,0.03260001408570295
ck_5fdf8a0bdbd3ed62,0.01863439405085247
ck_0f4e2ec66d50da5f,0.0109348916840548
ck_28c53b214b2ee882,0.1083637966554005
ck_003148504557f720,0.04990729965888571
ck_01d840cffb870615,0.08393582527941057
ck_555848d51f4b5f35,0.016450336257672282
ck_df20cc23b8fb8e22,0.013234051384449138
ck_f9604adde929beff,0.03955064724240488
ck_d66952b03591bdec,0.044400020096343217
ck_ddcac1ab765ff61a,0.02278976439682582
ck_347386629d96c664,0.012706112422664752
ck_ab01db9117acfe3d,0.016511730147229564
ck_58e5359efc52e0ad,0.05896122457123657
ck_1a524b5cc8da71b3,0.04960246988838153
ck_e9287b6d909d731f,0.005663775965731923
ck_bb41a66e3d90263b,0.07967277796909597
ck_e95c8cc1864bd584,0.006109855921992251
ck_7a3f2961e9a8b6dc,0.07472769084732384
ck_378a9df82b1e0bee,0.2266714226537558
ck_42633573639a3f02,0.8691112140312982
ck_2a5a4c18c2c7274b,0.019614223206947192
ck_77549c1a41f837c3,0.010582983748108
ck_a26704b5b26258b7,0.007973948801234441
ck_9874ad160efddf50,0.013506358836368972
ck_9111e3a04b14dfba,0.06912970518516959
ck_651e076ee43aea85,0.041015899330452195
ck_391639c0f13932f3,0.008098370281346703
ck_02dbabda93c8c13d,0.022105451891290283
ck_0adcb1fffcb0a34b,0.0188978618070914
ck_7a43ef9c7b1c67b5,0.002137742655291333
ck_4b9dd69946438d0b,0.010669099512275668
ck_90bf017cdd37b66e,0.02989092700601684
ck_61c74163eb36556e,0.0076167776482989865
ck_13376c59b5bd6943,0.009936864310686824
ck_62337eccb1672737,0.16211721701489018
ck_16077934338472bf,0.0074810588571890555
ck_0d4dfd93086e7330,0.2994341823003993
ck_3865b7525b910893,0.017840163364406605
ck_7e2ae8b69ebd5675,0.0034229243447652436
ck_b4384b6c11766ce7,0.10303982067149992
ck_3d7fa32dfb9fc692,0.030806207126033203
ck_f4a6a7cadd6e0603,0.08969047675516574
ck_212525e2828a6c45,0.22529441897314387
ck_33ad8d53394ba77a,0.34084413599983737
ck_a5051eafe8b51224,0.05661709553056335
ck_f65e5ff7da565f91,0.038210186697913824
ck_5c37f7563fa7591d,0.007318267649531897
ck_f1e0a006068aff29,0.007178600398365935
ck_c646cdead6fb79d0,0.0033632408928908203
ck_f8b3cdffef535330,0.1041148362040724
ck_e5cdbe3aa12c97f6,0.00445508121346182
ck_986e4e61440506d0,0.032174060880452514
ck_6da9c5912e15d9a8,0.04651496987886447
ck_51d842e6dae74c71,0.008537293614304272
ck_5fc65c24e0736d5d,0.638189641821878
ck_babb95a76c69509d,0.122333682185015
ck_86a2d852a9715432,0.02119794259378122
ck_db4083a0d043def8,0.06949234897272469
ck_96953b8945b7d403,0.007492252162784691
ck_7831ca5c31fb3859,0.0935405516619616
ck_60ac5e5f375daa38,0.06601117360665182
ck_05d44eb1f5f085ce,0.01789093005528769
ck_432cc19c7eeaa46e,0.02535294585116012
ck_7fc513033af061af,0.04466789425018162
ck_ada6ede84c111719,0.02211630189014967
ck_6343e0d3b1c2962b,0.04095666645620458
ck_010264ae04f2e902,0.04276884544353584
ck_e9dcf535f8c289eb,0.06922622590725093
ck_37143d9cc296e6fa,0.010125565183404427
ck_61fa051192f3e810,0.01350588598401236
ck_f9f93d1d41be1468,0.6233101229818796
ck_c4f4f28457be8a74,0.008806240564647577
ck_323a71f9452d21cb,0.6880220213170086
ck_170f4688e0acd875,0.14152398581326167
ck_869b1878d09d230d,0.11793510691657909
ck_2f6b33bf46976229,0.012479673537276519
ck_b11e22e75d9b99de,0.004791943291229244
ck_123d75ffb75b606d,0.026124993467370208
ck_94295287a04c85d2,0.11891979154894745
ck_1b0434f096795328,0.002562765745232239
ck_0a4e191cd0a57ce1,0.01672985324273786
ck_d2fbd0df99634676,0.007054124105039513
ck_d51df5e9fbbbcc94,0.46617002238569755
ck_2d3d7d64a6f443f8,0.006710434368705273
ck_731943c682c9394e,0.1470978280077714
ck_5ccc0c94e5e1f849,0.04872160099123021
ck_c3476080516db25d,0.014400106293726291
ck_5010ffb1c94187b5,0.005616038331994306
ck_7ef666d67bc70223,0.024901748526405986
ck_c1b493527224a27a,0.03430830777778708
ck_5d1e25d7acc5af9a,0.0020096470104808088
ck_ec30b61cbf517db8,0.012478108052416
ck_79323eb5d2e5efae,0.001493560955236107
ck_4085cd3bf2661518,0.018116099288783702
ck_2ca91214c357c072,0.1566406955948699
ck_7f3132d6be389657,0.06511469460290309
ck_e7a6b925c8f39a85,0.16362549265528809
ck_c886adec7bac250a,0.016983438455472358
ck_c3f360c2d0ea0a37,0.01926416225208292
ck_a7acd5b015823793,0.018655699963316247
ck_9d64187c0800f84e,0.010520220200156733
ck_5d4ed73b9efd7d11,0.016027188488626366
ck_874eca6776b34dec,0.016283677841323438
ck_96a9221a87be93c3,0.010647937367551565
ck_68dd79a51eabf5e6,0.17724677838929645
ck_8311cb6755b2016c,0.005663775965731923
ck_16fc77b2bcf5ec03,0.9681246573083244
ck_ad9e2088a33c8c72,0.0038356946613503262
ck_7176bbc97b1e42a1,0.033101996812677184
ck_80dfa54b30f65fff,0.590080196228441
ck_31c54d540b128843,0.04529783478077224
ck_43ea894480567274,0.03347509516057827
ck_9c9e8a38bd5a6c88,0.023098949574107453
ck_1c2dcae19539e148,0.14380230950666784
ck_b0fa8b84e94d8ae0,0.0035226173580930778
ck_4ceb43ccd0a81c2f,0.004406328297547885
ck_ba845332b730b596,0.009567064522694858
ck_73d3e8c6077f61e6,0.37565613337592796
ck_b5d0d223ef56473f,0.048563829989932486
ck_949f08f8e80e93ea,0.01100120143713217
ck_73de0b49709e5f8c,0.009352680781426764
ck_b5935e9722a39819,0.028036730840468583
ck_96247fee0eb44420,0.016897858170039692
ck_a6def1e4b2d57e0d,0.03518368961228516
ck_aecdc5a96321a2d8,0.016496370171650444
ck_bc61c59970f8de49,0.003946836463277175
ck_c43b4175fc9ac5bd,0.5491036759718331
ck_8ff7a9b23a55fd62,0.004160208231566824
ck_20c99b645f462449,0.0015530540477266183
ck_a5ce2ae36fb410d9,0.004521390167806601
ck_96fb9bf556842bbc,0.0022929457849700323
ck_b5e4c6dbbed1b773,0.02278976439682582
ck_2085433978e72ea9,0.22267388077404057
ck_2c6b174b063ec637,0.0083901513854944
ck_b20b81b88dabe28d,0.05769248884603427
ck_243c18dbf150831c,0.10544559215940101
ck_2bb6a17e8eee35cc,0.04780159171023573
ck_66147fb994495396,0.14140604493349
ck_73f124f075ede0fc,0.004801172811788132
ck_2e315f1b1e533dab,0.05362946405940702
ck_16c7bf94ed3e7a6f,0.00438532705410775
ck_4a0eae220a762ac5,0.01783635687961638
ck_dc16f939c2f44ad8,0.045257727885271416
ck_817926b449754917,0.012224732151763265
ck_0c0dde42ab64ef87,0.022938056814015985
ck_cb3a40594da6a2ee,0.01169360319708138
ck_d0dc156441fcfdcb,0.021713800634312115
ck_66f0945add423e9e,0.0300838939420971
ck_a74f6a3030f5d495,0.035831354532483047
ck_1ae460f331e49ae2,0.016876790087351108
ck_2d177b2f4f0b40c9,0.2791935279399235
ck_92e474e4368c4791,0.007407797997949754
ck_3dee83fa2d109484,0.030215916046295567
ck_80e5ea27848069fe,0.01900832423180178
ck_ed0c4a83701ca230,0.030140513818201074
ck_0b8b7c5c581fd161,0.002624441125716321
ck_60bf8a2870956fb1,0.009031671219531887
ck_73a54b56a2bf35fe,0.4562545554387577
ck_2296d7a563424883,0.006962151755331864
ck_bc19c383560c7477,0.013620491776955262
ck_861d8e3d88f1079e,0.03125178012081896
ck_3f090fc96c24eb28,0.010673897331764296
ck_9a6a1f8102febfca,0.030849763201789632
ck_541b6ad5d2fa5a39,0.018061344458545608
ck_a760d38d1bc4de97,0.019519466527996746
ck_7dca4d7ee10b4eeb,0.007176509940465497
ck_15220e78d1545e40,0.026044434347912447
ck_ca24bb0de508efb0,0.04396511961525616
ck_56b389627d8f02c5,0.9986611075314967
ck_48a6754977a44db0,0.018533354925129805
ck_333a43ec339a04cb,0.026496596474782343
ck_f22aacaf86a65d7e,0.016543798081784668
ck_04bd8a1ffaf3ffd8,0.011213067459177195
ck_2737a72de6b700f3,0.0201152235066703
ck_c35e03b0dd0c3454,0.01483420038120488
ck_e0571312f395cd94,0.012846612810395801
ck_09fab6b9825001b2,0.016760626015967894
ck_18c3a095606209e8,0.029429846308821006
ck_2a97db9377d01e36,0.0023996216710299345
ck_f29dbbfdd2786bd1,0.01605453437464545
ck_35d6c510ad29362e,0.305575618170264
ck_5468fa99c945d785,0.019635301762947466
ck_6f8102f62c876cc9,0.08857798480574151
ck_91955aab3424ad16,0.06166965051894041
ck_9a43c0c73a39d759,0.01630477677398395
ck_60b023af6d1e30bf,0.1812443886342624
ck_9704c5cf8659cedc,0.015496605419405108
ck_7e5f02b51b9f78bf,0.0262667509400189
ck_7d3a88d1aa649708,0.8810546879477558
ck_8250eddc1ecb07a0,0.01846179595338265
ck_d979ef95ee44023d,0.025572925655371045
ck_5e5461dac83531ac,0.017478513170435615
ck_d1bb8890081e0a31,0.053878763613301434
ck_32246c62640648d9,0.0031409966078946787
ck_77a40c7d2f862a32,0.04358614188283102
ck_1c8b94efe9238f5b,0.00554589051142624
ck_eaf3b6d11bc3cb11,0.01785310544700292
ck_a4a7ef3ad799c380,0.3444275537192548
ck_d5bd8f68da073cd8,0.124120112031337
ck_6e6258227fc8db7f,0.01033068598643681
ck_c35d444e05799db6,0.015049178020980809
ck_74665e1209140ae8,0.07111554862251994
ck_353a272478f7e903,0.04246020517664169
ck_a2c9796ea229a4e2,0.020502191312820196
ck_e0171f91cb3411fe,0.026303277773251945
ck_703499f5410280f7,0.00676043121327705
ck_ae3a763997f8f385,0.018806221205992818
ck_f7ff94c3df5ac874,0.008435226114875927
ck_f3c16d8f747db046,0.05688827633596859
ck_7ef019ed77276496,0.012886259556959608
ck_d6a4faadab58a3de,0.002039273023670356
ck_ba7b78d31d74c794,0.037528884205978066
ck_36287d063350ce9d,0.04658710193162388
ck_5177fc7137ff26ce,0.005311990882592236
ck_dfd4e79aaa967b63,0.006346645537427694
ck_fb44d15fb93a7157,0.03083651609041731
ck_fca478361870a4ca,0.05009829595115595
ck_e57b94fe57341058,0.011717342449589387
ck_5448c946cc4758fe,0.014672202088767834
ck_c5ece5ffb8800ad4,0.0034039293188775966
ck_11cb98211b2ed134,0.7839497753894947
ck_f655399ac75c4450,0.01235213277273964
ck_c817259019588d30,0.04127379333350557
ck_8740a14d8096c6e1,0.027218627886904902
ck_0c5ba86f4e05b38d,0.009079348014446608
ck_ccc917533d4b73d4,0.010005332644991859
ck_9eb80edfa43203de,0.0463371433616206
ck_d1a1cf4cf61d6801,0.02422475238941035
ck_b17c239f160e6017,0.007850216986998738
ck_410c3e13b48e0415,0.008717981859869866
ck_ab553954435e8854,0.648268581101326
ck_bdbb4230c91e1604,0.008960639057228572
ck_8fd4937eadd64fb6,0.12482244547863698
ck_e0e90b196bef3c11,0.031642710504685964
ck_3dc4d464386f0eb2,0.1661059199812983
ck_51bbbf8f8e8ad005,0.9986749629352016
ck_c05737ab74cf03c6,0.0714750677217743
ck_dceabbe04d99afc2,0.007073611490511254
ck_5b86fd14e85bc9c7,0.5971551118699228
ck_d4febf0083800424,0.1825193698583758
ck_77d9f86dcf251739,0.06191506443841144
ck_b4dcebc543deaafb,0.019153442422180224
ck_cb856e75c949b0cc,0.004518927343932763
ck_61b067de8ffc1ca1,0.15932539272234705
ck_c0e8560ccfd9dd9d,0.009814584529122124
ck_173e1198c341087b,0.0033067881095481676
ck_b4d55bc809000276,0.02220864114406312
ck_839bf139296b5cea,0.007240351552303023
ck_78cd402a2a4f2e35,0.02193267397212619
ck_c2925c50ebacbdba,0.005663775965731923
ck_5e3bc76eddbdb0a6,0.009890762238203475
ck_b7793edca26fc512,0.017224744574004452
ck_d79bdf04d6f31cd5,0.024383065524246763
ck_4b97d19ed946f503,0.010685750190153501
ck_37139b41c5370523,0.02278976439682582
ck_8c346eeefa9ce692,0.022917486081116656
ck_2ab7eddee2d8c49e,0.0009609101523906584
ck_29da59ea3bffb9d8,0.2344316713222581
ck_c1d05ef0ec6e4be7,0.004705903484008216
ck_3882423b449f6291,0.7159614848885206
ck_5647030283171ed5,0.4104415109539349
ck_efbdcd9c181e72ca,0.008473294882113257
ck_192fdad892782daf,0.1332659431856631
ck_0bf2e13b9f2601ac,0.045455436266459544
ck_3d6046a533057795,0.005377338256670871
ck_279a1d3a3836e5cc,0.023087251681579338
ck_c375e929becde422,0.006473179999591066
ck_a59e90219939a1f0,0.005663775965731923
ck_4e9fba1ec54c3ff8,0.024131481357345937
ck_bcbd8588a13f5eef,0.006188727763375189
ck_5f9a7ff990341bdd,0.025493940060740957
ck_e0403d507519b7d2,0.01672690667133118
ck_c9490cb61aff5112,0.02471833120318689
ck_41dd44308e6a665a,0.19283363792348676
ck_76c23726cd7ca947,0.0025612345876063346
ck_9be551300209fa83,0.011122348356701091
ck_a98848eec6c9581e,0.017360959164459865
ck_61176dafb33b2d8a,0.9605269435436383
ck_92de019e05971ce3,0.03401255306632375
ck_5d644224135d7c65,0.006226744845518231
ck_c767fc454fa215d0,0.019565667417086395
ck_5df85a8924e11f27,0.01744537626777954
ck_da2729307af06ed5,0.01735869340121024
ck_7c6b577174af7a78,0.0017222609327095374
ck_893b8afbe11301e1,0.004963057816215736
ck_e06f6fed020ae014,0.016506706753099173
ck_386680372fb54857,0.012664161353617516
ck_7a7f3c4fe0c9d2ca,0.08855862851683936
ck_f908b527c4db422d,0.03578316741211591
ck_ec2eee6a133e9a6f,0.03538874800877863
ck_d98934f9fe0b02b3,0.008326917893627576
ck_398a1ed77b0130e5,0.008794660553000839
ck_d960af7a55b892b1,0.013661714803321465
ck_4637e54a9f79e2e7,0.045154412032585134
ck_02b9f418524f6650,0.005231739639559948
ck_d4b23804cebb045d,0.01388457346741145
ck_35b1939c48182a9a,0.01372268733034852
ck_2dcbb71e39d64305,0.027683504856993925
ck_47a884dec960ff2d,0.14917071633354506
ck_71fd8c346fde5cca,0.2733019496712486
ck_98e1992ac8e7d2de,0.037390270060265456
ck_ae7780327e210522,0.0026817044024385855
ck_e6c584b4b1ad6d9d,0.030089281548136775
ck_344b2e326a6c3dcc,0.04290329443705254
ck_9aa899a5230b0963,0.03996877480863141
ck_e48d14d5b70ef5aa,0.009746374314011373
ck_59d380a0973b3951,0.011390837170798872
ck_11318f7c041a5ba9,0.0019392268131900486
ck_7061786fe2f22f5a,0.04896846333972823
ck_e77529651c416cf7,0.004535411110248521
ck_7f79878197340435,0.00570518422281017
ck_b0a0fb0ee9ebf106,0.04360954115994094
ck_70c7679199776a90,0.006758590052335139
ck_b9facd2210daca5c,0.06660534626784835
ck_9949f53c155b8dde,0.015220059276543805
ck_1c607e24f2c4397a,0.01001401125149211
ck_aefd1ce3ce093cbd,0.0008728252429424027
ck_5a29b7018e43280c,0.009708606941567366
ck_69eb0b2ccfbe5f95,0.01193501123651041
ck_fe037765aa465c58,0.006719776064449107
ck_5e512ef5362a3dd6,0.040972065816208936
ck_544a9e80b7fdc279,0.035915803399972246
ck_7825494e654d5695,0.004895761359741275
ck_f1f2c3c623553f0d,0.003268740501694076
ck_52730906e5b461eb,0.9094564623573752
ck_01e0689157fe9617,0.02945937773903777
ck_9da82e567074da9d,0.005336529974507877
ck_6a17384072f904c0,0.007710104521718956
ck_8d84d771a21942a7,0.016318619282190888
ck_39638880292782a7,0.011253349301937773
ck_7d51c86e0eec72ac,0.02860485093937928
ck_45f4c821c70d134f,0.4059585362672315
ck_0af3c13ba56ce57c,0.02547080722830383
ck_0789a05e061b2784,0.6120303873998353
ck_6ba091eb42ffa9fb,0.15269354973776086
ck_265accb3c5c32620,0.06006782277120099
ck_179039559ff7566c,0.02278976439682582
ck_17c0a6a92b5765cf,0.011304528062115397
ck_59371c9140239fd7,0.02314587741438609
ck_f9c4f8b4ce2691f0,0.007866346714673105
ck_a2637e4872cf4811,0.3011452960800912
ck_1de43fd6c6c22a5f,0.04511084944932367
ck_6e4f31bd108571f0,0.024414810290148466
ck_da06d97db0b18851,0.005375479739746835
ck_e0346d5081e640e8,0.02189689819951817
ck_c1c7d4e62c9fcded,0.022427918793814783
ck_2595669e421299f6,0.016397422267581726
ck_3b6057d51fd4c7d6,0.010125105626953738
ck_c5f8ab515840a0fe,0.016613793126633348
ck_435cb24538c6f77c,0.01886090408495669
ck_d84b5403da4cea7b,0.03298754931442836
ck_c2b61a98d1c8f6dd,0.09564865098949639
ck_c9dcd92b2f836b61,0.10736631252502954
ck_9eb5b3f5f672c2b1,0.008522744396156644
ck_e4cf189a8d31649a,0.005663775965731923
ck_6b114f2a48152b96,0.04271698910391234
ck_3fb95862b70f505c,0.03977392983757932
ck_7f780f465c29398e,0.023873523771224175
ck_ee387f9da79e67ea,0.031041338789567954
ck_fa3b1e85d27af2ee,0.034511383890595694
ck_e739eaaa7a1822f2,0.03650282541206842
ck_dfa0ac11fcb1dabd,0.023785283683523416
ck_6e8751b571ea54d1,0.02499500368999021
ck_2d695f8358383092,0.025022655643606
ck_e7dce27edb700f27,0.005774599899681279
ck_e322da8b213eab52,0.003148151703210119
ck_d0b32e039abb8200,0.009421414400582213
ck_b354003302b272ca,0.009014749854065016
ck_f7485cba392bc294,0.14204747606526946
ck_d6a290ff8362c7b9,0.086175063393385
ck_c56a44fe315c0389,0.007813423045657193
ck_f77dfe6512eae322,0.026632952768682036
ck_35fe969c58b9e70b,0.13061119364708437
ck_4c518637db2322d5,0.06259034673714492
ck_cb61902798ecc4fd,0.054248436707306266
ck_56e6cfa32156a916,0.005663775965731923
ck_343e6ed2b9d35c01,0.002383679180755734
ck_51440f64f7250ad7,0.0042496993427025434
ck_295bca29c34cfe2e,0.00815954462074202
ck_dd30558576b45e7b,0.004606628170895418
ck_3a30132a57181fe3,0.014593999197244351
ck_4a733aeb833406f4,0.0034458301710864865
ck_1b0b7c3d35ab1259,0.012731254761813292
ck_962c3bbf27cd4b80,0.10118871609936554
ck_9528e1d6b1707870,0.01669190795184238
ck_b3263e7f31aab45f,0.028199410034757955
ck_e69195a3c885053d,0.0017628875430436275
ck_a907fa8795cd4baf,0.011354759994497358
ck_205c3405045bd835,0.012806382198866779
ck_e81fc223bed3c46a,0.02741153677470662
ck_363751deae40edfb,0.03678826666481206
ck_6176baea8cbebbb6,0.008420252165003826
ck_633e6579f5c74a5c,0.40785042813429884
ck_ddc11fc481eef58d,0.02312613737954254
ck_e975002c979e12c7,0.07457366778760459
ck_8e039b23acaaac00,0.0316601190063892
ck_1d6990d94a4d2ad6,0.009036200603476771
ck_e7b583acaa3171a2,0.017095958288972368
ck_c0133f60d39b2fb5,0.016188394767743062
ck_7d6bff85e7a694bc,0.00762506270111357
ck_d305b4d82f63f647,0.027076605256506372
ck_22bd0fc71f95e048,0.01810385712468292
ck_9a65fcfc7916f93f,0.0014916830911557435
ck_d61c837b0106085a,0.05322725591167445
ck_be86a1db08dea456,0.032331089308859084
ck_90489c405e6886d8,0.03963122853431813
ck_0add2c321d579d75,0.02278976439682582
ck_482dea6eed92cbbc,0.01995462341997699
ck_c24b47184534cc2c,0.9752114084462759
ck_fa04ac31e596e7d6,0.0033805057434433336
ck_084322dc5a3a86f0,0.0029429809131160272
ck_ccb72a33cc1877b7,0.004985359769564443
ck_afaf374009d3b248,0.016712260605638515
ck_b53084ffede19a8e,0.006399832808930824
ck_4760216154c8cac2,0.1262938509488196
ck_37ad3a65db673e70,0.006441701425700413
ck_0c2932cc0d553694,0.010460659924806008
ck_86b853c52f20fef5,0.0048063672889456
ck_38703b7546d35a80,0.018914612485253855
ck_218b7e6e6dbd2da0,0.014285288373761437
ck_402db4184982fdf5,0.010100949561994603
ck_f917c82af80e4a79,0.06017245757138359
ck_3c6417a233c68c73,0.03465305551880279
ck_98068c397d70dd3a,0.05417820340903835
ck_b1cbd6679c0f8d95,0.009032950387814048
ck_9e962f9bb0e7bac2,0.0047862641591834105
ck_b08247c3ad567d92,0.22490243153425002
ck_3ef7a03ebb81cfe3,0.004002340870726877
ck_5d7ae0e3562e99bf,0.07625126772578733
ck_c91a628236baf91b,0.16533029557907059
ck_7f8e816ca51755e3,0.9197322159658815
ck_5aadd286d188f5c3,0.007658603988470851
ck_a037aff5f8128c73,0.0018325753305470126
ck_5df6529ce8290906,0.0031697932373742155
ck_5f3609511443e5a8,0.09476422550240476
ck_a6f61864fac3c8fb,0.002380387000789799
ck_2733fc6ba23ae46e,0.006291037372930022
ck_22bfb9246646eb41,0.24435355218281338
ck_bfc2a57d8fd1610c,0.24773149146113227
ck_49839e761d0e74e9,0.007632144630352746
ck_aa4ba931dd37481d,0.10366725084401016
ck_2f9fa0d61829f815,0.007998264636107586
ck_5b82c774df10d49b,0.0025971503931822887
ck_411219470d0a195c,0.015910636467661922
ck_d07485ba10514a2d,0.2589205726443926
ck_219bef979ee21bdf,0.006937521347700008
ck_eb1006e7285184a6,0.03663742421684622
ck_fd242b18575e3063,0.0041241830811637155
ck_95188150ff059c70,0.01600158451693731
ck_a9ca2f447b984a6a,0.0036845887082486086
ck_2dd39723c4088b64,0.006501475436775624
ck_aa2b4c662ff213b6,0.07353282243679812
ck_1867b1199c864db5,0.025501404510825738
ck_850ec97a5a0dab9a,0.22836228031851535
ck_562320295fa35875,0.017975047694103286
ck_bab5759b07fe2bea,0.0007647781621066482
ck_b9f1465d803e57b2,0.048913084395174576
ck_8f21f2690c32c691,0.1033270226595539
ck_df87d6f61a63eb21,0.023311231735838867
ck_770475876d0e7e6a,0.06061224700136004
ck_b4c014d5c0cc9eb2,0.012102713074763117
ck_3add4d23124c9290,0.0444884958031995
ck_bce5b7fecfb6264d,0.07873343362181551
ck_604c17cb97dc89be,0.0553689201423481
ck_e52cbcd9aafd26b2,0.0029699361028736786
ck_0ac9114076f5bf3d,0.018689182617409685
ck_dcc125b178b79566,0.0017387118251581434
ck_4e333c09f0c37dee,0.21530222431392232
ck_ff7e31ff8ba731e5,0.0064194543414650695
ck_8d0532d24f1070d1,0.0046320012660962355
ck_3689fa41748a6f6b,0.13302461978306165
ck_7509eb97c1948b16,0.05099295805018009
ck_a9161cf1ca22a6bf,0.0071111900145099894
ck_bed3e3db135b782e,0.03303050063242399
ck_9040edd974ef8e3f,0.8357147717575599
ck_fac32d76ed40f683,0.011221260915263216
ck_3d7b1078e2d57c69,0.001767657059563173
ck_dae09c4e074af5dd,0.4757192430851363
ck_fd84507228467b40,0.10698203400822473
ck_e2a2ce9b8cf44c63,0.027099681615690246
ck_cbe716f351d660d4,0.002555039798950925
ck_cba4162ef29a6d27,0.029420385245065902
ck_4f1e962ff8a29732,0.050357924599362947
ck_39a81899dded61e4,0.006194728489434723
ck_25382331551d22a5,0.02976343403713747
ck_6d64e1c07b19856e,0.027364642733181226
ck_165a868bdef28ad3,0.06140947516128764
ck_88774ae52e30e877,0.013395369241254307
ck_fc7a9d0643570053,0.012562739873639484
ck_c2017120b3b88a46,0.08000359507011565
ck_d115ac6b9fd62a7e,0.005997094380400619
ck_439cf7d51ec7de0f,0.005252386393026782
ck_2468a7e9e68a0927,0.00546811785014463
ck_7c418947124dee8f,0.021471229143709546
ck_fb0cf32c4a56f740,0.014896685681233287
ck_694eb6c43193afd4,0.0443627921273929
ck_993beb188dd4abb6,0.07084644971757124
ck_77fa39d3b733c226,0.0467110956444983
ck_49969a9abc47cb69,0.011857633644923024
ck_d3f44bbe2f7e9b2d,0.0035825323341951596
ck_fcf5b8216d0c18ef,0.014021944197620047
ck_daefe1e2d2bc362d,0.006355777453539799
ck_9c9287cb28950eb6,0.020544651386992088
ck_c1d1a625b885a975,0.06602203698718188
ck_71b37fe47490b4ba,0.0011822272068294764
ck_5d16e257c0635f7e,0.2942806398435846
ck_15918075563eb074,0.014801437121907221
ck_9a15fdefc47e8d11,0.049052780977215125
ck_6f04d047d1dde75e,0.0013936882487340329
ck_1af2c0b3b8d202c1,0.007639049379696639
ck_174be2231c5fd2b6,0.004353309959165796
ck_bb0713a2a1d65982,0.015388002258278608
ck_0daec63bd5b0729d,0.024260784928392818
ck_c0b5cc3e8ad2ff44,0.038922132432866026
ck_35bee1fc12664644,0.06736257294327601
ck_a1c7cf63467df4c2,0.004611047126004368
ck_ecb1e15f0b185ceb,0.027312143784822676
ck_f280d31f54a4710a,0.010636347870271788
ck_30f4b2ee8abe1342,0.09915264874840572
ck_66bed631354de5b7,0.00271667477206933
ck_c2d3ecd7278eba2c,0.0021952174614111785
ck_e901dec0e09eccbb,0.02230685452702863
ck_5d038ecb3c8748a3,0.003923958660008234
ck_283c5bea94b21e80,0.005337099465357791
ck_7956c251b85f009e,0.11405801765749646
ck_9f5f81d771146aa1,0.0009718194185950556
ck_9323e6fc1e168eda,0.4226322967756632
ck_10495d3a635b8d69,0.029591896285461074
ck_1982d571cd36eb0c,0.007456194517578471
ck_4f5d7985bcc2eda4,0.025336567803325865
ck_7df526b2b4410bb4,0.008535578251627467
ck_dbb498b1a346a402,0.018293434556861353
ck_ef059997563e3330,0.006077873285747625
ck_02ec4e06709e6b82,0.016776650535090996
ck_9782c86ba6485f88,0.006189058828735092
ck_d69de468b44143ca,0.010697720264245765
ck_6430a8792f400e0a,0.008794498807134513
ck_8285bd3c90af94f6,0.0019416226783682971
ck_985c9ca112000e9a,0.03497445509945575
ck_e679fbf4f4f4aa07,0.04221994576346776
ck_016e8c8eaf9d511b,0.05773502664399055
ck_bc996c523944644b,0.020193081175099128
ck_5b8315726f6204e0,0.022370582792595614
ck_78181f8e998e442f,0.008512489501503628
ck_71c68dfd011dbbbe,0.45973802739699304
ck_db32c95ce2b6f502,0.9761613609578519
ck_755010362a9b1bc4,0.0033086428749305413
ck_114141d85256c9ff,0.0034260059755509098
ck_9d1a5cf5a3b87e48,0.006056645188899938
ck_ab640420858ab5c4,0.06240981530263768
ck_97a8dac48dd62488,0.3776373442929665
ck_879cc3166fe1bada,0.007153942386708994
ck_b0ed11080076e381,0.005663775965731923
ck_7334a9ec656263b2,0.03277868652714961
ck_6494f0ef13ce44d9,0.0019851556484841095
ck_724e459b9ece38f4,0.026455112800126402
ck_7fd8b1470401695f,0.6215839865641053
ck_292f81186358b0fa,0.005805994921072003
ck_fa7de64d37287615,0.020447044856011794
ck_d00e09e66ed6458b,0.17777722248031852
ck_b8d210e741be186e,0.002977337545248142
ck_3db59982cbae4410,0.010245092427909707
ck_69887d0a9aaca6df,0.0020972269288895397
ck_4feb21e2fb0b3977,0.003251197006576703
ck_08c6cc1e143475e3,0.015067320542791685
ck_fe6e168cdbb46b9a,0.05085971433827527
ck_07f1734be7fac56a,0.022014839791307993
ck_d66d59981307db93,0.03210713326184167
ck_f928dba0d587d7c1,0.005155556755318653
ck_786448fe3004cbd0,0.004308241951932459
ck_29ea329fa40ace62,0.044681911050899366
ck_7ea52b6f27edcb73,0.03747247433474259
ck_18bc51bbf3ef198e,0.07589897226589107
ck_44950df09ff14ded,0.015368525151721825
ck_c1466b52c0a10b93,0.028111668329975484
ck_6cdac067cc4db5c5,0.04386573704313629
ck_53f55c6e8cf2d432,0.007236186503962291
ck_95945f48453ca532,0.023363222418809684
ck_87cce4126e215153,0.01293532512172293
ck_1ecd5516c92caa4f,0.0034319446085162944
ck_819b482bca14c068,0.2715408628461594
ck_a61a879dd46fc9f2,0.005659381154919385
ck_af70aa32c009c3c9,0.006345314727424767
ck_f4fe78e249092ab1,0.02419772662264264
ck_12c46bc52bf45b36,0.05211034069752565
ck_f05f5e4b40afa52f,0.06948060013131943
ck_0f8cb09d3f4fc980,0.14288353540847662
ck_80a64a7f0275a71d,0.011359266773476791
ck_683af7b1540a0b22,0.022414485189866256
ck_51fe0b613c076cbe,0.027801762806788224
ck_da1a2450219dcf19,0.0621486512130071
ck_2a7eba01ceba6c2c,0.016762265485573677
ck_4e329e29dfa743ea,0.3318377894247382
ck_0274d881d6db82c8,0.005242776390067399
ck_0af5b7d128035b35,0.008282567930776412
ck_ae0a7be6b0a0ea68,0.03185408135781257
ck_de5bb7a4d091386d,0.13734116439118996
ck_2bb7c17168a9d17d,0.052085669005996184
ck_0ffdff7b2f5fdfe4,0.025046151439956713
ck_718a8390b3d42d7d,0.01865717589856611
ck_7c4f12d70f184533,0.004793114076132058
ck_d3e2c26b8adff099,0.01181247593023641
ck_ac9d3d9754104cf0,0.023094064958894076
ck_3b1766a1d51f8f0e,0.29770722247211767
ck_a9bf75bea912027b,0.023974201739703983
ck_687eab3ffe1f8cfa,0.02278976439682582
ck_25dd0b02af5b2f37,0.13120900440954392
ck_1747fcc466f0ae38,0.017625050775886254
ck_f6e9d14dfb6f3c28,0.024480419400728384
ck_c6a7bbd0adc4d5f3,0.02379767618706096
ck_46656a23f4456d22,0.3987276895549837
ck_7519260415c2998e,0.017967125337057386
ck_754f30ea19df857c,0.043762367598687575
ck_ba88a244d5f7380f,0.013088959506501237
ck_f268416945316815,0.009031671219531887
ck_21860dd2159dff28,0.052380728280085324
ck_7a86ef4e2beaec38,0.010914019710476756
ck_0414507baeea936a,0.011617873906639233
ck_60796eb60fc3043e,0.04301310392914526
ck_1e0841ed17fe0562,0.0061553318363158
ck_0d641d32658d6e0f,0.013865976610541439
ck_b36086ae6d87eec1,0.0048625036926613525
ck_962e65ab33b5c311,0.8760782958836802
ck_b046a42684468e63,0.02585006529332183
ck_ab3426435b0017d6,0.05440700705470136
ck_fcfe06e44d09a344,0.013972511359403344
ck_0f6d916c92189516,0.006191814329260988
ck_d4c8f0d957c3965d,0.017336488551554806
ck_2ca83dbd728af019,0.012922676356481878
ck_2857a4ce9f72fbfa,0.04163498956762236
ck_a60e6edc48e3d0ac,0.22846642469515765
ck_0cbd3b27063d4415,0.049079919972826465
ck_612089ec90c37219,0.015218892918847064
ck_ec4e597f17f473c6,0.019539286413978924
ck_1c93cc58f314bf71,0.017833031321024144
ck_2b359a979520276e,0.03226021613757034
ck_1496568ddc3b2d56,0.017424771245987448
ck_41d91dc9f5063566,0.0287498766435682
ck_4c5ff58afe3d7a67,0.008632209180036775
ck_81709736281fa3eb,0.029064651437690277
ck_d89abbab3d4957aa,0.01116574289374725
ck_52453401f88935da,0.046205302744254585
ck_a477654d34783e06,0.006267398828325436
ck_72dd0dbdf808cb00,0.048614161195015305
ck_c183dff3781746cb,0.05175847416563025
ck_c8b7f241810b45e5,0.009634288381852017
ck_f88028c3f306bc70,0.0427041755747753
ck_91d48d69e4f5d9c2,0.006124380689545496
ck_b74b9ba6d7c9aab7,0.2187321599004234
ck_03e904682dc73bba,0.011054225361795466
ck_fc6fed6ea96a004a,0.008122991156527
ck_51efdd240e34c642,0.025310542309971828
ck_e78ab4ff52b5fd2d,0.005248296002130475
ck_4af7b97c24d89a45,0.0243370251632562
ck_295c0072eca7f7a2,0.006745876361256071
ck_8abd1a50a9227463,0.059344595328043995
ck_ecaa6f13304e3dc5,0.008572324482778521
ck_de436e7b319be1fa,0.9988642177377072
ck_c802cf8f61466027,0.018394907007147576
ck_3d83e0a3c1cfbf8b,0.023340711706349642
ck_28d2003c2d16e4b6,0.0015196162647912964
ck_8ddaf745bbb9cd62,0.0006090242943193559
ck_493b6256091014cd,0.06499786218452171
ck_a2245822cfea997d,0.0433128003723267
ck_f7305b3c64cf8a03,0.004264034217073246
ck_9937dad93a0ed3c1,0.056544648332542614
ck_d654449f9231ad76,0.01054888738366322
ck_850e2b59bc535490,0.008381916994583436
ck_e55e5bdfc0242aef,0.050424021148613135
ck_d35c51e981b98c5c,0.006598243601076885
ck_27cdf9c5e6f0915b,0.04042125596396809
ck_d328db1e1052d820,0.012519769299081917
ck_0ea30eff5f361cba,0.0908593664539298
ck_9994323f97109f4b,0.9850417178835139
ck_09054e97bdf9624e,0.008970505010402722
ck_723b4afc388113c8,0.02104491292145026
ck_588f6e6a6a6d93e8,0.00755169955408813
ck_e1d563fab4d6116a,0.028145422013228266
ck_53aca610e20598bc,0.011538460051768546
ck_c8131ddc7ed33448,0.009031671219531887
ck_899f88464305824a,0.016608930354370798
ck_1c17c65804f8889e,0.008353061692908918
ck_45a16ce12893cf9b,0.023109107510531843
ck_f9d481aa4f9b2808,0.823060322132568
ck_1d5d74169cf892ef,0.004024997241074621
ck_aba32acb61c1aaca,0.07490227259045203
ck_ec4dd3675a8d28cc,0.013899421237737587
ck_5dcd443fe0bbdeac,0.008629441408508572
ck_3a47e3f54475e854,0.005663775965731923
ck_a9aa5c344c315532,0.01898827340290827
ck_9652283c9f61fcec,0.0030757227364582363
ck_752dd3d2487f78ea,0.007207925859403935
ck_a821980ac4db9943,0.3223546590578216
ck_93e0d6befb67f7a1,0.07434284214401182
ck_e7a3881c3e36bd51,0.08039522296552915
ck_12631b78f8a03df2,0.010832356781066184
ck_57b8226610b48854,0.055094906505309904
ck_352657008983fd4b,0.010356537293162453
ck_0841a5c24fd3dd28,0.004340404376837636
ck_db9b9d5d30f74070,0.513660324862849
ck_a9dded7f6294e44f,0.09503995544415254
ck_91a16336ce3217dc,0.021414532636703804
ck_371bd9388b287677,0.0046050015424488845
ck_f285e5e1912a7c62,0.02704709816325639
ck_368b65fca69fc415,0.06074534827012754
ck_d27a73596b6500c2,0.025452340951802845
ck_2d963f9b2c4d11e1,0.02802800575557458
ck_7c500e219af39486,0.06851691983081709
ck_7d025dea5951cba7,0.014314791256510875
ck_32f632706608859e,0.004388132615511507
ck_53816231f3ffb48d,0.03433603420822758
ck_9dbe184e81c1ca8d,0.044028806054122634
ck_d74123617f22a21e,0.10130557962294606
ck_275386782b1606f8,0.005620424130055376
ck_0b0e79d33e50cba5,0.062096162962255924
ck_ba93cb604f792915,0.037535123361180985
ck_a86cd653472eccbc,0.01917934354117792
ck_87771861e0447210,0.31376667341155934
ck_212380e0371d8a6d,0.0036058212819797385
ck_ef0d702d7b0ed745,0.008810188497357275
ck_2b8f33e22f939372,0.7226476335966797
ck_480347ad92037105,0.0206002402129798
ck_20124c3a16c53ce4,0.006576303040590865
ck_c9e1e3229baae708,0.008310989680363905
ck_b1befe967f7a5ebf,0.030562152525918193
ck_4672167d7c989bbf,0.02521366857669765
ck_f0c44ee5e3a42e3d,0.10097161632272199
ck_c416357d20238a4e,0.2484954710492261
ck_d0f470f8078c91df,0.02278976439682582
ck_3a70b4ee59084715,0.03498840900295999
ck_179ed66cdfc1ce27,0.004085586096944814
ck_387e5a7f163c7837,0.005950497490693313
ck_08fb463e69f647c8,0.969980168126193
ck_732f725747393ec8,0.009608970997502964
ck_7cc5e0fa3ca5a713,0.04675907445205978
ck_ad4a4daa826ac68b,0.03340129868304071
ck_472e0be7a3b533bb,0.030341010132216163
ck_7190177963eafdd9,0.02116562225972244
ck_647ac26c5900f082,0.013931251553596348
ck_272ae2179bbd8e58,0.003523141653048147
ck_09b0d8af304646bd,0.004677156665384529
ck_ca0cc8ea9f344408,0.02231459791435915
ck_332ad134fb909869,0.011087350242176294
ck_fca2798914627dc8,0.040246118167514465
ck_4450b55f462ae134,0.0006604348347539474
ck_d67d9dfb60b286b9,0.006791834170504623
ck_a9d2bb4f2bde7052,0.005563293300113913
ck_929bcae878a3ecb3,0.1451587190144577
ck_59a9e000fa275e1f,0.04103379772254095
ck_57f17254e2688637,0.0416643239667825
ck_0508908697f60ce3,0.31954510290528715
ck_946afc2943298d26,0.0005766555556421779
ck_7176d12b18f2cc0e,0.01236735248933632
ck_5c47b49c26cce286,0.005642850750525891
ck_b6a2bdb2d335e1d0,0.9867167511583671
ck_1d58f6caaa4d012c,0.018412123926771214
ck_71c917295020ccc7,0.013065458677756353
ck_bc89644ae3688995,0.026158453222196103
ck_e7c212f16d6df272,0.01610181545217381
ck_c6d2e11a368184e6,0.007462521256285925
ck_eed7f1f7548df15b,0.06852399890975125
ck_75b69034000ca7bb,0.018043183195546722
ck_38da3bf629458682,0.002696379148227394
ck_90114c891239d821,0.02666726677926963
ck_8ee08f6777cc155b,0.009031671219531887
ck_bd86132499defcd0,0.01067817001394671
ck_b95fbf2b5640aa82,0.005069218855013895
ck_c530235393360e3b,0.021286628972018457
ck_be52a7ec43241ba4,0.0502611294287404
ck_d96eb3cc55f2772f,0.010606804776117142
ck_dd34f0a844fb115d,0.1748082492789882
ck_17cc7b411f448e66,0.10017203039722503
ck_856ea65fa27d06dd,0.01885910756772233
ck_056d5f0301c30902,0.09448900613814906
ck_e662b14b2bab23a2,0.04765389669166129
ck_209f574c8d92274e,0.005923677973163643
ck_62720b81617896cc,0.004657475197271349
ck_041614694b77e599,0.0019357152260980502
ck_461e3f7b97db8d16,0.03312331195515646
ck_1b74b798eebeabdc,0.020764747459367457
ck_0ed2739384f1d644,0.0005807427388083923
ck_5a4d19f1b83feeb8,0.003147418856780357
ck_463937167965a1f8,0.03196576075407075
ck_9d7151dbdf100e0e,0.028743471197340012
ck_20a7d1ce6cc27312,0.012657601704623404
ck_6031211ff118cf0f,0.008950637527847412
ck_a6fc92aa91e99b77,0.8371578430631664
ck_0aaaa9d2f75a0518,0.011642268092759075
ck_ec26e327cc1848b2,0.005805298228605491
ck_0e6bebf8ae9b9b03,0.023301997036471005
ck_e107537a4cb738f4,0.005663775965731923
ck_e8ea56e122a5a487,0.004675888688372287
ck_98149ed45d38c4d3,0.046046805250444765
ck_0e719b3a6906b8f1,0.002346447913901028
ck_0c6e7bd357e4a348,0.0021409032751307246
ck_d3b2b250da61db19,0.8953421255226863
ck_8bb6b0a292754576,0.010785458884323912
ck_87d70f5fe48a6128,0.029324901173790795
ck_ea9edf9c107d429f,0.04406844205507168
ck_059806c52cebe4f1,0.11323923300033104
ck_a72d6df666e1c21c,0.05247428322198637
ck_1d2b80ab6c4944b9,0.010944117379572066
ck_60557f077abc42ca,0.15840605883675712
ck_e5f5cb7dd6ce4a37,0.025878797056232604
ck_4c4a939154446053,0.026521225992478224
ck_50ede3eb561a202c,0.04031689575718236
ck_6d03a542922b2ae8,0.01168746690918327
ck_d6fe761ed0db3270,0.03261452816605984
ck_7f0cd6ea3096f985,0.019962355013665674
ck_23edb6d938a3b87b,0.0948460227311532
ck_799aaf9f2b9ef621,0.007260592290019255
ck_f8f6a03613b6dda8,0.004369400918848509
ck_7cffb189f4f514ec,0.9537090564330563
ck_c081e1967dcd811f,0.01070871946472836
ck_583d6ca78c97d91e,0.35022707647206036
ck_9332bbc7125219a7,0.00878985035448167
ck_956b5af6d7d86c65,0.702412984055383
ck_2d634e3f24681c0f,0.05821423074386853
ck_7b35d218ed0c5a60,0.00602435749020679
ck_ca5b1057f8248f73,0.028866522362649916
ck_ec5ea81cf813597c,0.006180981047449253
ck_eaebaf4d28400fb8,0.03587132135365376
ck_ae2ab6be219219aa,0.004676771951268673
ck_d99a8b4c820eb46b,0.026676607946044602
ck_bcfb7ffb7cd428bd,0.030832881111434854
ck_3dd542c2d31be2c0,0.02768074990307199
ck_c7dd84401e29a7fc,0.00487890792807737
ck_c4bcc7cefd40f8e2,0.01379037848380915
ck_c251898b5d51e3b0,0.0032480675768507146
ck_36d37be780c1291c,0.00035304507936729926
ck_99b4f266b61ae7ee,0.04313673819460289
ck_c37f03995f0f0169,0.004711188428818859
ck_65a23ac8e44eb901,0.013177181707385667
ck_644b1c1149eea9e0,0.022707922607489158
ck_9cf44eb0237c2429,0.027630082803389834
ck_20541686a94fb71c,0.030213111158504464
ck_c18245be844680f3,0.03824446316606889
ck_56de216eda6b7fa6,0.00732757524207415
ck_406c4442dee45cd1,0.006263430378348482
ck_df1585c7d72a96e0,0.008014885605075114
ck_b8e8dba20676d87b,0.040415818791464275
ck_0ee6965e68efc177,0.007567226595872639
ck_c2a5c54ad8d0d297,0.023068897132735574
ck_bf6fb7e6470e95cb,0.005863211730791343
ck_27fa694569140345,0.004984052391550218
ck_e04166b0ce66393a,0.004813537936803048
ck_8742114f4f0cb22c,0.2287428840619844
ck_6eceeafd56b42576,0.368191273783913
ck_34f9951b0eca1965,0.027981177766229916
ck_384ccecd342a24ad,0.0057875502041257465
ck_49c98bebd1338879,0.020911712505725974
ck_6c26c12071c91ff6,0.010192965998343958
ck_01e5986ebb9a78f1,0.02278976439682582
ck_121db7ba3be29ee8,0.012719524803688317
ck_039e6d5a330cea1a,0.0908820332868108
ck_ae8c9163cf957d7e,0.007056976493400955
ck_3f5e8f3f1df0c8c7,0.05199739271629832
ck_b1c51fdafcd80122,0.01777223574852345
ck_12e2b5ebfe8986b2,0.007888148907168633
ck_d55eb81a4d543c59,0.004348010027845874
ck_f85155ca5c312c7b,0.00859263444350321
ck_133d8a1ac7c0e301,0.9712262694184527
ck_04212a9bb9b28696,0.9990756574808457
ck_4cc11c7d3ca61f73,0.041477769068838606
ck_2df4854186ec515b,0.01449250371493438
ck_aa9b28e7fc43af79,0.19492343469537024
ck_47cad6c3def4c9e4,0.017240955467096603
ck_fbff7b5da8111567,0.002410734775965125
ck_bd25ea782e375b22,0.03402283113625173
ck_7989376f8cf64a9d,0.03196669848110928
ck_675c0ca1ebb1051c,0.00512415172768322
ck_1436f6e11d4008f9,0.01344904818320812
ck_812cb3a4482cc618,0.006406172126004596
ck_6e606f73a1094afd,0.009969524680250929
ck_1b708e2a4a0584dd,0.017810407104281938
ck_a60d6b324bae0330,0.007304510888509723
ck_706a4f673a9fda3b,0.12306981583251032
ck_a75ece9a9044eed0,0.02262423088487072
ck_9aa45c4e03c8c57a,0.027938400283253426
ck_9fe9bdce982b312c,0.022593621848555862
ck_c6fbdc5ba68a8466,0.02025679495533288
ck_ed0cc1b1c28f9511,0.060693055225558144
ck_a4e2607b4c8021e8,0.008325513132719925
ck_e02f93f51cc8caf3,0.017273168856713383
ck_7084ed3cf20781b7,0.010082988999536168
ck_cd4c63155570d6ea,0.007610117644604112
ck_d1b9e5d32d2d789f,0.04206949383133724
ck_68f56f6560a7a933,0.0016740178364085569
ck_8bedacc6233c6269,0.02396160904017192
ck_ab7cb50407d6b13e,0.026373970251087987
ck_f17ed7e0fd687742,0.04441000238250892
ck_b0fe4b92fc70f72c,0.006606160649080951
ck_84d62b8196da2452,0.0407275138507843
ck_9e298cae167f4693,0.00151913708034462
ck_405b20ef9ad0ba5f,0.1032650237113844
ck_813e02e1ababd177,0.012825337494292809
ck_f234ab47061ba7c0,0.0046673903893842935
ck_22b587c18363899a,0.0086955109567396
ck_4e862c2f48c38aeb,0.01305158764986095
ck_b89cb90a420c9075,0.002501554972277755
ck_be2251640f27a3c9,0.26966189195713536
ck_46bec0bff167ed3f,0.027366136842903076
ck_c0032232c2868328,0.015695095294149475
ck_030cf09525dba4ba,0.016296394748848562
ck_6ecf56236789fc09,0.9846879092314847
ck_38d4ed52cbe6d123,0.04320100956881273
ck_2d923d957ffd4d53,0.008548180400932009
ck_3af1eb88728ed8c7,0.0411848966250388
ck_2f8120ca80a1592c,0.006529732753631326
ck_6cabb1a133f0b151,0.014847581854517747
ck_bb6cf7e7b707731d,0.3283594120845329
ck_c8307fecafa90140,0.016414609165024803
ck_75f968be67f46d24,0.038386880877260714
ck_df6fe4ec5a233213,0.04310781641328679
ck_b53e88c0e927d896,0.008404210757606898
ck_f0093064aa28f4d0,0.01927578565528652
ck_ec9976cabc63ff92,0.02972795119944657
ck_30dac0a58c5590cb,0.11017172183635628
ck_348a525791ae6475,0.014528121572415592
ck_b898d912d1181ef9,0.01572216101380498
ck_f5b1200dc6f95760,0.02639058085145469
ck_54978a073e7a0b1a,0.0018923215945654706
ck_55933936536a4071,0.04391606394645408
ck_d6ba7ffd2ae08863,0.0335322819388808
ck_404e2217fd87fdd2,0.023706572911981045
ck_dfaafdaefa5716b6,0.0391818901653571
ck_556c62e92d4e7e5b,0.17981173131457606
ck_7ce44f4e06d58111,0.09735135063216935
ck_465cb8ce232c7670,0.22854659984606546
ck_237508ca4fb37268,0.018640878807474847
ck_ba4a6b9aa63964ef,0.01773881068008024
ck_4802a0a7a1882c88,0.0334052969777154
ck_9478dfe4114c30f6,0.0077471543464775056
ck_5138f6c575dec64c,0.008427244301835262
ck_aebb42afe430e2e9,0.0022116603512230375
ck_004efa95555437e9,0.004353648093666523
ck_11af112667c98394,0.009449242142286679
ck_44e9a18a8645c9d3,0.030296875034882837
ck_2605fd571219e28d,0.01874830774936185
ck_dfc933493561d84f,0.016145231038576624
ck_67674348e68d1f25,0.1027771678373043
ck_dd97429277a2fa00,0.03988625303681313
ck_d3eab7a06eb48348,0.027580581567981183
ck_0b9fcff9667ec05a,0.004961113750990678
ck_fc4bfd6e739bddea,0.010625541154733279
ck_43292f70a03ddf2b,0.06575767176841932
ck_5ff6108056a3fef5,0.09217396943483928
ck_767e0be086b5f601,0.06787093134347835
ck_b8465b1a5666155b,0.02891522843852613
ck_ab2e3fc56f5b3aae,0.0051668471078496255
ck_1833c81d693c1e07,0.9692479638166646
ck_0308e0602b856445,0.030451857703355695
ck_ccbdfe744acff8bb,0.008202910565317965
ck_b294aa27a0b586d7,0.04285510337348312
ck_a3747201f377626d,0.9603960682011522
ck_edde1d7d1db24725,0.04603161353182092
ck_ae3b47d6e1063704,0.0083901513854944
ck_3aabf5e0f4defb41,0.020996914957605105
ck_f034adb57391f3d7,0.012411818686029008
ck_533672fb40531607,0.08321870903836429
ck_2a244f1ae08ef83c,0.024314225562104438
ck_a35d81bcc54ece2f,0.047754221664604066
ck_78a61215675b38f0,0.005796381301346921
ck_e013d88ea7939616,0.004731587373950111
ck_e5018f9418e0102e,0.057387677692659525
ck_d4e024fcda401a31,0.07436092281853027
ck_f736cffbdb82db34,0.0013294321755714534
ck_1507f5aa50cdf3a0,0.02179282270896231
ck_18270fee7c8fcee8,0.0042445544640565165
ck_95ffa1a805a1c9d1,0.019045033844269876
ck_11132d245b94d045,0.022851351385888386
ck_7b93a622e40d8b14,0.02278976439682582
ck_3854c08d17704347,0.024175716565157792
ck_7717fcb100dc4b5f,0.02277270463878018
ck_ba54e0a1c328119b,0.46490127203384485
ck_a7afdac4ecbf2de4,0.23549185095254174
ck_ecfb771ed2352085,0.0028310091496223802
ck_68be4fefc85a6b64,0.44726491948256103
ck_dac7c50bd6d0148f,0.008320871256521688
ck_87cf36a03bd63c24,0.07375894487023905
ck_8adb40b168b59d7c,0.011914020044597094
ck_8d2f62930777416b,0.04381835692713903
ck_9958b58da9e3c21c,0.042380318401041006
ck_9440335375701f44,0.0070235826831532965
ck_e2f88e202b6f700a,0.019449216878434403
ck_4c7c50684827a2cf,0.10632240327682796
ck_8a6ea4a79b1c7a8e,0.019401423272554563
ck_186dbff4b24a3bbf,0.5950631910941543
ck_220fda3c11c59b6c,0.04829299564112283
ck_3acccc69f8b1fd14,0.06658572314360926
ck_9de191bf79afd676,0.0063454907905822
ck_6de6b1663f9457f4,0.010879528894558987
ck_062754f8b79b86e5,0.005584453795924779
ck_aa153a89a52f7eb5,0.02278976439682582
ck_34a6bd3be642f15c,0.02418649455147515
ck_9371c700d9830326,0.012824482710541816
ck_a99e0c258ad7576b,0.0046234037637592675
ck_0a7ba51d626e932a,0.009637601214761307
ck_852c50bbba1ead13,0.050237360505897166
ck_43dc13b6b6d31297,0.05574433501684694
ck_7d81b59d615a6649,0.030773264896971426
ck_39a3f1da060e88bf,0.00546364852586529
ck_6fb2d142c09ed3ed,0.08351755530462937
ck_6e5752b87324b58c,0.4470957586132071
ck_9441d48a12e8a4bf,0.04203918933587869
ck_09e9c51eb538b255,0.0685199069207951
ck_8d0cd981ed3a183a,0.031076658784919085
ck_57c07c45269ca8c0,0.009147354290719865
ck_ccfc9ab888ba933d,0.11595785283658992
ck_9658a6ef471053f0,0.02279459494846792
ck_dac3852758f4ea89,0.012713583002214573
ck_b1ed2278f5f14d82,0.03555964214726301
ck_333544d173524f70,0.06645937835066879
ck_fd4582e3853ef23f,0.008412733505759268
ck_614d936cef98db04,0.014601829450916272
ck_6bc351a3d57aac54,0.00587388797449251
ck_af5842fa7202ff25,0.011501504306267705
ck_81307759252571be,0.007650091792806091
ck_b4d2f02d2cd45720,0.1869992239152592
ck_1bd753a4681946c8,0.9730168247707379
ck_46d8c029d46867b2,0.00691794248636247
ck_b7da6640fa2f49cf,0.37588209639741577
ck_9ea3d5a5a91fef9f,0.052469016990405244
ck_7b922518f667f76a,0.0028248381132373332
ck_2a5b31594206eb30,0.4790837399192163
ck_d9506476ad3f9e08,0.013406992334761702
ck_c8791f7ebd4d93c7,0.007781908107650564
ck_b5a3e20fd210017d,0.006689708499470513
ck_8e54386f4fe22cad,0.01022408102043337
ck_75296704f5806f56,0.0759380527449489
ck_0fbbc7a6af300368,0.02740397998104102
ck_d19bf4dc0627113d,0.019752566962499128
ck_7951bd4eb99a0175,0.008183475177804574
ck_059e4fac6b7f704e,0.003982970983098511
ck_2ce8931af02a2ce3,0.004839572258481581
ck_9e665618a4860306,0.04140652157902374
ck_6fce5a893613fd2c,0.00341620648939262
ck_9e3fbd04e3532f32,0.2542621192149922
ck_55f2ef0de3420e3e,0.0127686753512337
ck_8d87658a6f5d204c,0.7604178611845289
ck_6d6ac1f5dd882aa5,0.015972458321464017
ck_55d0c7012d7ef236,0.021931892222910743
ck_7738eb085e5753d6,0.013993924234985146
ck_0e6e05c3cc8c8242,0.0068874260630128175
ck_8d27ff8383d48132,0.016407207169474736
ck_9afc3bb849f3a64d,0.018837380383012182
ck_27eb86a9898cdfe3,0.04809852746805194
ck_1d40e4fc541abe93,0.05724007651847286
ck_4fd9dc00e1913587,0.993944409641617
ck_b26cdb2b7b165d2e,0.026644308013042073
ck_a79a27767a02e31f,0.02524637662143097
ck_f0c18cb9f951a71e,0.028902134389430394
ck_50460e0189de6274,0.9567473628411584
ck_5e5280539257c986,0.016639898042096386
ck_eeb854318b3a6f0a,0.008874415068872052
ck_943f66f28dd24750,0.007507037085863103
ck_984dd7452aee372d,0.10036357741556011
ck_ecaa6de0aca5e9a0,0.015937537910637078
ck_8f1cbc432e2774f8,0.010489741472098996
ck_d91d9f8445b9769a,0.18622150377500948
ck_73c18e03e3c7612e,0.0055083551479579
ck_aded05ada490da20,0.010187736431325332
ck_f744e208183971f8,0.0034484067832638043
ck_02d4cef6358ad3b7,0.04953889344212718
ck_08ff5bd467226a5f,0.00935777984875672
ck_f824b326d5089885,0.288050888915361
ck_3420f2fd520890f3,0.22483442530430608
ck_1838cf8d00f5b1e1,0.016577174079414878
ck_a85182ad90b6f1e1,0.004557156411423205
ck_fecb39c82c43e76d,0.019650056073250412
ck_162513e73782929f,0.013564034691318365
ck_2c27b77c59d8f23b,0.24589503516463368
ck_4221e07b17388fd3,0.053625631270937786
ck_adfb8472d5c3d669,0.010823053392868789
ck_0742fe64055d686f,0.04611519742130239
ck_5060aefcc8b6f958,0.02324886709556665
ck_643f549b4ac78a26,0.12241757019746966
ck_dba767885bd6ad69,0.0093715382420099
ck_0dda35c0c64c7073,0.9962470119964054
ck_38ea56d43afa5660,0.030697491900992472
ck_d813e15ac91f487c,0.07107955796022597
ck_4c840e5585a7b167,0.13361393906633076
ck_cb8551453a7bb929,0.025619047298245885
ck_05a00b1dd5a03359,0.0037748454434484067
ck_837cc7fd48453a01,0.008676027975748046
ck_49dd816b31fba6b6,0.433100013621129
ck_86a61d9a39768e87,0.013905516853798218
ck_cd0e76f0e7bb38cc,0.04161252510750755
ck_dbe58392635133ca,0.016617380818395578
ck_3caec7dd6f8d02c9,0.02758276773451535
ck_bfd9bfc5b6ab4a54,0.20055146807428798
ck_2103399bdb2898a6,0.011384747760014646
ck_329f7de7279e74c5,0.009425002861449042
ck_9bf0d28119fc42c8,0.015100358740253355
ck_f781539b1042dc83,0.02551585656578922
ck_9986c7d781ac6b4e,0.011743443650117504
ck_a627734880aca848,0.0030425508751355758
ck_2106e509d77fdb4a,0.18305964846462167
ck_420d1a9c604293ce,0.0076854577805681445
ck_fce0610c527e2b56,0.024721919012678215
ck_073da541ec3f9d3d,0.012355597834825677
ck_aa5f3ab48c17fed8,0.08901379607276262
ck_0fc1086e1c9e04b6,0.035066354936874045
ck_5c33bb46c1a5945b,0.01601013685971681
ck_500948a8d4bd8e13,0.016421847308708114
ck_19becd44f2c3d2b5,0.030822762116299814
ck_7d0fe77dd5ddb656,0.04060790348952377
ck_f158d9e5f101bb35,0.03489637058218486
ck_cdd7c77823c2257f,0.05733502209333822
ck_6c7b41374f9b2e55,0.009583557486087349
ck_417090dbffb1a63c,0.00966453424379478
ck_dd0e17605f970319,0.01992550807912824
ck_3646515079e6be55,0.00842068843575619
ck_89c8b06aa8c84b2d,0.20581308507935112
ck_e4d6dedd97233c07,0.05740839110423961
ck_bc82fb1895fddde5,0.01470880571657945
ck_88a8b1d442ca3686,0.011086016565777528
ck_5791f8f76a629a4f,0.054769201409302845
ck_9cf5e88e97c8c7ea,0.06081288512897315
ck_58fd684aa5a6f289,0.0020367614374247776
ck_9800c21dfbd8e811,0.03634191690338981
ck_8ae64df60ab6ccda,0.0162704765315384
ck_e535fb0f0c00418d,0.1884989904273535
ck_48011996d54855ac,0.11916897697237062
ck_ac79c72a8fe3fdef,0.07614182852298847
ck_b8cc2df5192bc49b,0.026007408117072597
ck_e96a5e1f08f8a867,0.00404946293585063
ck_84df6770549e43fa,0.017429015252479804
ck_e5f7b99ba6ec5767,0.054753260179102516
ck_8347455ab53ff620,0.0012443268278629757
ck_a84f2cdf695a71d6,0.0025865930007934845
ck_90456160115f9ef4,0.03634080973366141
ck_ebd178b3f3a9c50c,0.010792922950049903
ck_e1140be6157bacbe,0.019329832843320738
ck_744ffc11d32b96bc,0.02354737355301363
ck_e12a9f7d027e3387,0.008614165602311789
ck_cbe525da0b69f18a,0.0286729067704023
ck_aa59702537557ff1,0.3952559181214008
ck_0348cc6908f7f3af,0.0010810768806649028
ck_120e995d50956bee,0.019000958095896338
ck_9fcde1ff46cbbea5,0.001998081605950913
ck_54b0b070689c50d6,0.005454471448251186
ck_966a167758fddfd4,0.10116844633065931
ck_d5194f2e92fd6427,0.0068838958963768635
ck_2ee84f3fa27f2cb8,0.0052058601810946094
ck_57d0a7eb7eae2eaf,0.01382239987632743
ck_6a2c4edd82e10969,0.006264085825210949
ck_96e4d38ef670eaff,0.007257519523078434
ck_52cc2fd5095b169d,0.012111586818818906
ck_4b088920f3a844c1,0.02278976439682582
ck_8f3ccbd20d59f1f4,0.06219968335926539
ck_e5e5dc431bed6f9d,0.005249528464182721
ck_e8b5bfa6838e28d1,0.02188393271141682
ck_4bfeb78b47b7c6a1,0.017122808794106388
ck_a705c61bd679496f,0.022978100192582167
ck_731869a0c39cb2fe,0.022500753717183207
ck_259eb102342057ea,0.016999925288807893
ck_47a6005fabc33551,0.01746441599344205
ck_682262b455a9edd4,0.009169744326255768
ck_e839d104854945f0,0.0032405856568202326
ck_761989aa4c47d746,0.016190163523294075
ck_44211dc210139ed3,0.09689217137533775
ck_9915ceedf63a5289,0.12135486572258049
ck_da59ab47cb6284ad,0.025651594268492867
ck_e5cdbfcca2456652,0.01472173201638872
ck_13f2560c6a1ec62f,0.026666207658364822
ck_a0543e9b3abe1001,0.14929740208228362
ck_11c7a58e09e6547b,0.015283474622259688
ck_69587a134d43a4ad,0.23959414347810234
ck_28dc0de0ae291f37,0.018226373105082624
ck_298922703c5bbe05,0.03226676925864181
ck_fa5ba9ed9ed6a343,0.045006957809889454
ck_c08e64d424e56c05,0.047641155307499725
ck_598e036a28262aeb,0.027477591931795428
ck_3f7c870510083a51,0.01717878895492341
ck_364f8203a3e98d36,0.28054410713055355
ck_7333cedb61506ead,0.002545892812103586
ck_1d96d7fd65f208b2,0.012127241085722313
ck_63133a79f23e2627,0.05624456298856874
ck_901d820e0b72abae,0.003039752264517946
ck_5dd80b3c01457bd8,0.006619877436035202
ck_c0b8067c144ed6c1,0.005326222576413998
ck_cebb8aa8c8f62c60,0.02015335867081357
ck_79749eca42ff1f5f,0.01050896299275466
ck_2cc1d9b587f6da31,0.2630853271806813
ck_ccc7916b56d42195,0.006740542890377182
ck_e43e53cc7b8b8e41,0.029886511764429528
ck_4ab74a6e7450416c,0.021143959923400707
ck_6e44024e9de301c6,0.003137737932126623
ck_dd78cb6ae2866cc6,0.008455914570435838
ck_c363d3b050baf3b8,0.07393296954189078
ck_2d46291975f0dd08,0.025587548627816654
ck_76ebeb5aee42f041,0.02278976439682582
ck_8395f004cf4d4c08,0.0007502249345553744
ck_de7259c3741db179,0.018330214343201052
ck_3938e92585df2b34,0.04393529854215446
ck_af69bfcf4f07d932,0.0035615075503068025
ck_1723900ab9afe374,0.059161989597687335
ck_3d58628d1c853c8a,0.02294071076321031
ck_12a074db100481cf,0.08181110423447
ck_8716cbf892c50e29,0.004634201048943298
ck_fbf7351958ad9615,0.013941518316874133
ck_a50370907e6b397c,0.04270588504806536
ck_937402a60df0821c,0.0038574804404321182
ck_8ce9c5807acbef48,0.006941697477901662
ck_acf7d65eaaa4c31c,0.007087641840818279
ck_ec3eb6dd0967cac5,0.03107302559854714
ck_fc832b0c90c9bdb9,0.922864047527547
ck_8129e81cde280131,0.005350778055693503
ck_52c0ef68aa2fb8cf,0.03292246004695101
ck_06f042e9b1b662fd,0.09672926332248105
ck_0bf35dcf7b38f650,0.004194722537143564
ck_615763afc2e17a7f,0.005150898506240752
ck_e72db9d4b2fc9997,0.9873308178067433
ck_13757bf0eeb353e2,0.009440634293932786
ck_abaf371ec8249c4a,0.08131763119153383
ck_9b7167da0920c37b,0.03462193614224021
ck_2e824b0b27494a17,0.049907778761645906
ck_9a0b605e9c3220c4,0.014747724534228457
ck_a5276af466b681de,0.0012745306543503906
ck_9e0383e1fb6e214d,0.014874009842078222
ck_6a27c44b691dbfac,0.021523233111395895
ck_af39767cf583905b,0.01088725694996347
ck_243b1b9fdd3f9a74,0.019288086654067105
ck_c0422e638a9c6046,0.03437194250274861
ck_e0f3ea3373dfc4aa,0.010229197445824867
ck_d56ee1654378ffc7,0.01773177506219417
ck_20cd2f5666719baa,0.006309149645758311
ck_4dfa1c1e9b69fcc8,0.0034827297506646302
ck_5d22e9ca1d15180b,0.01647607206457235
ck_f4a7ac178fd55f0e,0.0077792502925214104
ck_fd5609bd23a1eaf8,0.0012379650254476756
ck_49c3bf13dc9471ce,0.007361721995101765
ck_724085c3452d4693,0.19722429224209806
ck_e5d1462846154a75,0.04583377943685791
ck_c69ef0f3e7d6acf9,0.13995572936237866
ck_a2d0417791d4132d,0.011706932010660405
ck_00a07fc2a9183c3a,0.0017316050582929727
ck_781b8288e54ba8f8,0.284062893745532
ck_d74a62ab3804a81b,0.003855033265258557
ck_abcbde211b6267f8,0.09395886133928331
ck_16dbafc035574654,0.014740725849898115
ck_018f780215ecaf38,0.005175726225381184
ck_0b259620eac51618,0.004791036153466961
ck_4f875342394c110f,0.02250279472231006
ck_399e45e5fe9beaee,0.07859963771373973
ck_36224a2d394ebfe4,0.03848183720790439
ck_c189b551bd111332,0.004631958454737927
ck_125c5a720ecb177a,0.1636495340179997
ck_76d010aa02eb477a,0.005715774518146404
ck_1071d14c46c92379,0.5125543958076693
ck_61d244b2cde483af,0.009031671219531887
ck_2ff1860da2004c84,0.010180006313205793
ck_c5b583490198672d,0.005832456083193047
ck_1294f7af22fade11,0.06263799265491937
ck_e3a22799716df39d,0.04301287938835584
ck_c77e22834ef97005,0.2686168903817488
ck_73d3689728270a2b,0.010822072549867464
ck_295565fbf77ef885,0.016587306331510916
ck_80c0a7f54ff4895d,0.00465104615543491
ck_f1ef5cf7f10b16c8,0.01941851657221679
ck_a958b2461ffc21a2,0.13974258724695088
ck_0e7899a57cd617d6,0.01601139493634295
ck_9d4fed252718f58a,0.009560894102132473
ck_83c2c34add971d76,0.008718586106609034
ck_9ccc030ba2de9fb2,0.03759503079395653
ck_cd691e3466fb3742,0.05821366200084182
ck_49df70f908dfd069,0.11344092094931167
ck_362ce13eec1e33a0,0.016720517342710663
ck_2452a30397dfc54c,0.0083901513854944
ck_a443d49c2b4863b0,0.011337535445564182
ck_c8b2e2cb349dd0ff,0.023137554922163836
ck_354909fecf5da8cf,0.014187129405856293
ck_841f598bbd54c83f,0.046538061510583255
ck_cd6fbd4e8724f994,0.041047276227958125
ck_e0b3158111370118,0.02008574600341985
ck_4c2f2eb657c2c60e,0.010544775440753997
ck_ef346071f0b7654b,0.005565665989122865
ck_f3bc10e3decefce4,0.024248411767179803
ck_189b6fbe9b9192e7,0.010878273265738012
ck_5245cbc5ff4d4fa6,0.006804331214385935
ck_cb42e3be6fe87f60,0.04296399051322727
ck_966d4d713cbc7792,0.007144152168385295
ck_1c8c969667cbaab2,0.44759346470674577
ck_d35e3aa9ef5d405e,0.2762599111591084
ck_a1c39df50a5873b3,0.04730315752171978
ck_a152165caf295b51,0.027568106368554293
ck_891eaedae139828e,0.006155608353198677
ck_1a46b56f4734d52e,0.021326933565897387
ck_5e36042cfad96c99,0.24518908921489055
ck_02a8582c2603e675,0.004280349315953807
ck_6def9d0429e4ed4b,0.025584347334423586
ck_e137400825a1e3e6,0.013221342348941742
ck_d91ab840848a54fc,0.006921880615254774
ck_becb6e1c608e0078,0.008294724834676595
ck_6fd8c86ac719d7eb,0.16260684129248845
ck_3ed4d13f12fd9d0e,0.02680336908827096
ck_007337aa99a4891e,0.004518850234548147
ck_60c3d8306527a08d,0.005590984977923567
ck_95458880a54df0b1,0.21939740246652153
ck_b48cd8593533fc1d,0.30084083721805793
ck_021c6a4a7e3f1f0e,0.01596766178845403
ck_764d40f865e710af,0.0214915654044962
ck_4b84357ae8ec7777,0.010539615150137236
ck_3397c7856b4669a5,0.0033197334065498624
ck_920bb003b42e6310,0.00026781286063279374
ck_8f59f11b512d5b7c,0.03564101009452434
ck_a3acf4b986afa98b,0.10269688450999341
ck_e89d25ed7bdeeaea,0.0337096178069807
ck_70e6bca473bf6902,0.008574349508205209
ck_186161ce152836f5,0.005663775965731923
ck_9191579254663f5d,0.009442742762201034
ck_1e6628879e9d653c,0.013577303597490707
ck_b498fa91a0776ff6,0.027297053944452258
ck_cfc2384f22954830,0.15632142807332983
ck_17673a1c2867888a,0.0018238007356673675
ck_523dce06515b072d,0.014315326019015265
ck_c20638a325ead2e4,0.010633154520779035
ck_d3877e1f907cc148,0.011810691100458053
ck_e9a2495dea8675e2,0.019824598333044802
ck_7e561caa5fa1f3f1,0.025278565319096415
ck_455672e652fe1abc,0.9427811099789859
ck_7f8f864fcc90ca82,0.008096570388922053
ck_1ad36046aaeb816c,0.0033866275627170137
ck_de056e37c82e8e00,0.005685642119638913
ck_7484c214c889fe7f,0.018167702505912514
ck_32430e678c4f9f53,0.011656602601064901
ck_6276ece8f80ea799,0.046567241344183344
ck_ae8e5dc4b725bc25,0.10041200178694501
ck_f01be92dc78a2dc7,0.024358610332372153
ck_233397a8bd40d38d,0.01148535337273281
ck_f8124911450fdf31,0.41759983761589287
ck_aa0a3179f1111674,0.0018597179257832885
ck_2366b29ed9887a5e,0.018569751247519202
ck_1f22f04dfc08cf27,0.007052168041597809
ck_b62276c3426d680c,0.0029352378040740923
ck_d099fca88691f66f,0.03444807924333077
ck_166bd1dcbaf4d6fa,0.009207501144732982
ck_7b1660e942436e12,0.011603529877731406
ck_4a9a791a1d409a3d,0.038276506112651175
ck_b003e5b54df65db4,0.0037690208366536844
ck_64b4dcbf436f0b75,0.010312604371622798
ck_26e9a7bb2061a58e,0.034009883400953574
ck_08b77ad5f8f73007,0.006788426758322698
ck_366616a725afc6bd,0.01933548943810937
ck_934fb5064b6eefe2,0.0035786336426238312
ck_c6abd5d57b1009d2,0.012647122338361252
ck_edcfa9e1cf29d813,0.05386926084169589
ck_c30201ebd003fdc7,0.0020693392893628097
ck_c54643d94d3ce355,0.05753198483938369
ck_02adda6e91e49650,0.011070792049710771
ck_5b73d7c5255e58a3,0.07880063935554255
ck_129ffae92dc01408,0.01988938021108988
ck_fa321945ebedb916,0.0704762732697477
ck_8da980cb2e1e2bfb,0.0545434765805647
ck_0576b00d728bdf19,0.0429050448683957
ck_c543d82e22b3c8a5,0.005079625794732354
ck_0027ba644f9ae2cd,0.3475327545395284
ck_8dbf61df902a6bbc,0.009706088474845548
ck_90eeca1cda79fd41,0.0036709805529578886
ck_86d7127391d4e01f,0.007854833424949664
ck_73762038c7ff2f6f,0.023397379644987976
ck_a1484e6215fac651,0.4694952982783258
ck_cb83b9f806e90dc6,0.06516688296220723
ck_8c6f059c95872126,0.02141932210820917
ck_3174419a81e7caf2,0.017680362910206953
ck_6a0f8f8fa4a3c2bc,0.008920689807115419
ck_b5777605668bfca1,0.008478494031892308
ck_27e4de495abb4d15,0.010872250477790772
ck_7f6fa79c7a107161,0.009773122603029797
ck_c36ed9f8e6792ea4,0.022332716361257398
ck_67a1aa88d2ea554a,0.07223437723487623
ck_09748dfe4df3d540,0.01721398844222029
ck_27fd85b1e38b675a,0.012326353343441978
ck_2369689bd795ee10,0.010277252996762241
ck_4eb1c12f7d092bac,0.0051442946980212526
ck_01fbafc42c8e33f5,0.013638656323666034
ck_93c4e05699b3b7d0,0.0015292256201272652
ck_afc484d1b6907983,0.005663775965731923
ck_1b2d9cae92a1aab1,0.052916112955651844
ck_73b729cb161487f2,0.0034542099812676637
ck_fe3c1d0ac090d960,0.090332022137784
ck_408efac1d3885ff8,0.044732209751177435
ck_ccb4dd9d0a48a76e,0.009085191759702778
ck_2987eab34ca7805d,0.02299752029179003
ck_1dbf1f15193197db,0.10953506857280683
ck_4ed711fe4053e74d,0.02578484652684644
ck_6c54adce174f45f4,0.043682049029384724
ck_a6c740041faf0bd5,0.010199185206287044
ck_b05c4d33c4f43639,0.06941742254505136
ck_032880f1114dd51c,0.03151103361456305
ck_22311b037456a76e,0.019057428449384822
ck_5866b413549765bf,0.011705995062867859
ck_0e808afe2570ecac,0.017106230613803494
ck_634276b05f4381f8,0.005540464380122641
ck_5d8773badd0d4740,0.018556559746199196
ck_82b5b79ce3517102,0.9896698459307505
ck_b378b8d8100ee4b1,0.01257032404981632
ck_54e581f71be5430d,0.008496168802445244
ck_798ba4b8aa544fea,0.017447084736149324
ck_3fe86b6331ff95e3,0.08652919483701035
ck_81275d9d4c559e6f,0.011906423135452995
ck_99a4e5ef02d89493,0.019472792642991222
ck_54e2eb018d947790,0.012362387085495852
ck_966901ea9c77cc02,0.010496770335294872
ck_27d69ff4e0cb428c,0.27947601698142316
ck_2cee2dd7bbfc09a0,0.7473488786627787
ck_4136b00924695ab4,0.0002666574153274499
ck_59a164c40c03a45f,0.012747506527158527
ck_3e24b026bc66789b,0.002379026414552655
ck_8105bcf69a75ee47,0.010448111598694517
ck_7a1782cefe26a456,0.06924885658563776
ck_970c7dc195161272,0.009549389730564399
ck_a48ec0c00ae20e82,0.038665915304146564
ck_54b374ade34e1dc1,0.09956742195376361
ck_74e5dec189761d14,0.017849123531323282
ck_4717f24f2c6f40e1,0.12683344739183036
ck_fc8cd8a8209e802d,0.003384477953456276
ck_71db4131d7efe218,0.021473191429177075
ck_45424ea6f0bc4650,0.2247288329488663
ck_3716c6181a5035bc,0.024106129562777346
ck_26de14b96bdad4f6,0.011325097395465913
ck_99c0a41ac9c73857,0.006838657052706808
ck_645f15bbbcff3b4f,0.9854284868633209
ck_b7e25ddd41514d4c,0.03407022399410262
ck_d5c14e877ca7b755,0.01795147135374853
ck_05ea4440dac6cfad,0.024838301240068007
ck_c58bafff7b1955cc,0.01955361984596599
ck_f0cf85b67a9b840f,0.02278976439682582
ck_ce1500a7f0d03fba,0.0059846479708927924
ck_d4972a775aadbbc8,0.010675503680366634
ck_3eb6146c262e0fc3,0.012304353069134516
ck_afb23858a4ef42ed,0.994488886007602
ck_2c1def5c91c52a5b,0.1868867860177109
ck_72e550559487b919,0.0017879034360947558
ck_0284dc2b4f856b3a,0.18310375285678832
ck_03be334935e999a2,0.04733953331586287
ck_e35a4b4a3cb4cedf,0.0034485242070907756
ck_5abe57dfff4b735c,0.09766720012639707
ck_f5f87f772388efa0,0.0387079668962411
ck_5a22cb36d612236e,0.01408175135208303
ck_8ff1e6028e764472,0.9946973133998286
ck_2ab28149b0986642,0.013455624120095412
ck_c88fc1bac79fa6d3,0.045359628990692805
ck_5b137d74bba6b1b4,0.00930881156504512
ck_11f362dca2dfaf5a,0.0028823344159339213
ck_7f960541e5174565,0.009762575847650076
ck_d5458ba39ae94498,0.021806819871291794
ck_0a921a73a90c2e39,0.10821732852757443
ck_6ad56ef40086dbe4,0.005663775965731923
ck_b68199ecccf2350c,0.0024031242054713096
ck_6dac66c8198c07d8,0.011789334409710925
ck_9b9ce7bebc235fe8,0.02132017872402514
ck_6b817117d87063a8,0.01305729494686715
ck_900d62b3184378c7,0.010988753561609397
ck_eafe9b89857149b5,0.02422941716457064
ck_e74716a525ee5b24,0.008981102318045067
ck_4e9a6f06ab134102,0.025442952490358935
ck_b0d33b5a3716661d,0.024986662502837736
ck_8703543bf3134306,0.010445464644105748
ck_923d6a0f83accef1,0.014112393851577401
ck_52e37e2170532e2a,0.20668849064441872
ck_c1c5ea839c58958a,0.02414336758964269
ck_660f0006780e87e7,0.05939073676475557
ck_830b2c5d1818ac07,0.01354634856861346
ck_b080ff636932d1f1,0.002594921733498105
ck_38730aace405f2ae,0.9963171340128768
ck_9790138467a06223,0.0007208414875932436
ck_10de0b0d86b17839,0.014672300312827877
ck_c3e37a4d3382c32e,0.017650768983387684
ck_dd8edfefa1eba531,0.01884797962718343
ck_8153cdadd300d234,0.0038262950690216044
ck_74d0e7c2c6b63d36,0.9718083854787812
ck_c478aae3031bb328,0.020971516292323848
ck_cf301f2194975866,0.008431929771476124
ck_f4de03f44e3a5bd5,0.04799189934839866
ck_b06ce826e593b210,0.03161998467871091
ck_2fc70b6baf6a0e26,0.027904645544354654
ck_d208494cf5c90047,0.08032214060675433
ck_086d29ccae565e5d,0.012579522023586346
ck_d5ef6dc116dee408,0.008104266427476303
ck_fdf0c5b722d83464,0.026855231945790578
ck_de8494b13adeffb5,0.008289787461726492
ck_556786868599143b,0.0034759927395794734
ck_4940e78cbdcfecf3,0.005420521244671634
ck_d32fbbfe32c00416,0.025694799155364097
ck_bc7710f7e9fae649,0.002229283972209548
ck_416f7ac57da081a3,0.00956540819774635
ck_6fb39b60c67d5475,0.008934480056942506
ck_e40a156511345d6a,0.016491839359718402
ck_49ab879b5aa7fccd,0.08951453692599164
ck_bb643194d1cbc47c,0.9607548897330037
ck_b3ce8f1bcedfa043,0.00443469408725538
ck_558ebde8c29132a4,0.03185529561796808
ck_e6222925762273b8,0.013239928794239632
ck_bd80546b4807dd59,0.06841725922538754
ck_bd21164bd2bbb635,0.015123668657857246
ck_ea835557d7043667,0.01726760714383409
ck_1411a80a157ff39c,0.01164590944333464
ck_ab973888c20c9120,0.03598880837125711
ck_95b48972061abe82,0.009696639461557821
ck_fc4a43f8876bf10f,0.019550837876166537
ck_f34fb7ccf82f41e5,0.007196624564043785
ck_5af9934a56801ac0,0.0023876052072373407
ck_fc7445ec76389a58,0.10583507668299912
ck_1eeacc26f02fbba4,0.014013106153032669
ck_4f325dd15c9bd45c,0.015785879198141967
ck_5009a6c8bbaf15ba,0.024799368415284618
ck_0f3de7f074bb33af,0.06487620761221712
ck_2cbc2f93a32eede8,0.035793036295045634
ck_4bb90a61c21a303b,0.012517144615704644
ck_3ade9eac7d7b0dbf,0.16821065608889674
ck_4859a58629622915,0.3040558972501815
ck_5fed957287ebca03,0.015038257107986834
ck_ec01ae5351500355,0.01369108219320786
ck_703b41624ae6a5b6,0.01620363319034779
ck_97c38e7f61c27e47,0.013872601539527185
ck_db2c0908150cb2cc,0.018790065190241612
ck_64ac5e6fed86ab60,0.8798828756930444
ck_da1c853b0a061e83,0.10489193012307912
ck_9a36916b60178ded,0.8218049150331026
ck_3715bfa7fed2c675,0.053009230917845616
ck_dd3feb77d7d4f6d3,0.002859565453936682
ck_982ebb24174a4ade,0.003428227775029004
ck_f6b7a10d47dd9a1f,0.005025576635213091
ck_1f56fe99f250cdf4,0.04341580529512198
ck_deb3ac0606d6f6db,0.0020926813083207117
ck_e666629e5a41b39b,0.009749845045390686
ck_756d2c13d02b3e09,0.011921828553648586
ck_7bc752ae7cf5d55f,0.008347534549483516
ck_fc0cc4b25e6a8194,0.008533002307174062
ck_9b2b0e286de78a1b,0.005291832065927131
ck_24b0803447211bf3,0.009169891271419147
ck_82eed68d05a42128,0.015792461989266704
ck_c8a03c516ed5b05c,0.09670062740883502
ck_e914974cee1bccb1,0.17186533517184885
ck_0c533ff2d0f9962a,0.020214498026052966
ck_c12805fa5d970a83,0.08649595778476506
ck_fc2cb29918631f10,0.12413103337659487
ck_c20e89afe575549b,0.007861631125387009
ck_e1ff9e31becc27ae,0.06840271644668872
ck_18116d0ac08f1996,0.4772122078747909
ck_885a83975cea5e64,0.011218391459839864
ck_a0c3059a959ba5d1,0.03820400585533102
ck_75257ca7d7da2861,0.0157144060738161
ck_2210f7a0d13bdbef,0.03471711627272114
ck_9cbd9ecf8374f65f,0.007602475110743336
ck_18f67c00ba21fbde,0.0009099547561000385
ck_2d28f14d3973d8fb,0.06738704131067974
ck_8b3401b44aaae728,0.01632843394407378
ck_9d8e9ef37797d3af,0.6837811212329573
ck_9f50920c894f64e1,0.05544127023596911
ck_4737e0d56c6fa0a1,0.008581589691513635
ck_52c311f29ca3aca9,0.0010766906280942218
ck_6a4981bc721df37a,0.02477226594345932
ck_823539d936c55fc6,0.005647054601719198
ck_df5aedb4118020bf,0.8103435225212294
ck_a911a066ff0f7b56,0.02278976439682582
ck_684609767df4a14b,0.043952901774347596
ck_f2350bf355dc919e,0.019551603031980433
ck_8452b6cf97c65a5e,0.02803287226006188
ck_084cd84501012218,0.6724905011162983
ck_ace6b72e5bf3e93b,0.1354183995683573
ck_2afdd69094c955c5,0.055316072981986666
ck_fa7d5be26bf7b31c,0.07822997949752623
ck_4b041217690fca2f,0.02743341080908688
ck_9fb8e3d38cdf276d,0.914614738195727
ck_c1ee56d65a42f59f,0.2534441502867278
ck_fdeaa1cd085691f0,0.010201484174405268
ck_5de33a7a87e9aa62,0.0565729626777966
ck_7476e7fe1ff45545,0.011766070499306065
ck_b0a947b498e47018,0.007449745556981491
ck_e3894ed88a7977e4,0.01806427586346361
ck_c7e07ebfb0bc15f6,0.04533836661968673
ck_3a3daa8b376f2a18,0.003572004826043402
ck_87809324c2675b0a,0.0244501894226464
ck_7eb4f33260f1dcd4,0.013810361199452215
ck_ab9f0e08af030060,0.019349578267748326
ck_5b8fc4a76f340797,0.010217172036895851
ck_0e7bf10ef49aa818,0.05617003814773156
ck_a44462a3853ac67e,0.9266395135979291
ck_2d14bcd2e0fc043d,0.00174842293625387
ck_df1f2dba802296be,0.4919532290989458
ck_466a7316eaf149b1,0.015880649864006
ck_50df50af592b0c06,0.004599373239895809
ck_5f9e34c849704b95,0.00817114744940568
ck_7836bf6def26aa87,0.06888367666243334
ck_ba175b1bd8efaabf,0.009281804223704976
ck_1a0aac7f7b94b1be,0.1577590831959086
ck_6768c4b2aa8ce586,0.013350334800332705
ck_eefcf0ed15897898,0.03495520522754901
ck_7a6cb27e390b6ceb,0.001755910951637967
ck_5275be4e1577c1c7,0.031208507514691217
ck_6bc0e5b8c0b7d2bd,0.03924514854664657
ck_4874bdec79f9106c,0.02848667960421787
ck_a678731156ad7bd2,0.12664568598027745
ck_db906debc36a5d1e,0.0358192078214412
ck_e87897767c612942,0.027487591630700928
ck_45ed5ee496ef8a67,0.024109098520357673
ck_ae20e28f9854f3ee,0.03177006631032177
ck_9ee044b73943a90b,0.0043978833928469685
ck_dab34cf6f0626c9b,0.1134205855095779
ck_64a02b7b96149810,0.01175045758599679
ck_c417d06f3e94685d,0.01446788534782458
ck_3e0149cdee4cb294,0.05608284542789875
ck_0e6046fc30f81705,0.010495193824632102
ck_c383aeabd53e9c89,0.017498001963271458
ck_2ef76f1f36e8b869,0.07729367273639605
ck_43948784650bb9ac,0.02814892303096414
ck_bdb966f43ac350ee,0.048235568906901345
ck_5bea0e0ee0b094cd,0.01719149086623626
ck_dff090f03ca5529e,0.016962411539120207
ck_a4691b57f837d88e,0.013003104017565846
ck_99ee90946395d74d,0.3045499379525233
ck_cc81dbc83a8879fd,0.007049314743018705
ck_f3dc0725621b3a35,0.015946823931247727
ck_1bb212d1288b9689,0.02355600191549319
ck_9e7278fc7679f002,0.041262548908267624
ck_3ded7a8720d7e311,0.0021352851019553107
ck_798157bcdb9453e1,0.01100954863819179
ck_9fba80f56f357fe1,0.00513446595031381
ck_f1e1c8491f16f912,0.034953800076681404
ck_7b1319a5ca2f63c6,0.9128451848925755
ck_124432fd5c92af7e,0.32102258729252586
ck_148cb0c723284dc0,0.0013748189150504524
ck_b56c62c950eda009,0.015484546788467692
ck_a0498755cd8d7188,0.0027679782839364437
ck_5379452a9d74efae,0.01560212858852161
ck_6c2453229d608183,0.03425974632490099
ck_f9d8b4813a88c1e6,0.00691953990745187
ck_c2c7d1e45a521857,0.0831837285196359
ck_4364a83a11743888,0.0009585546328393424
ck_2cdf5fd97ba75e06,0.06081034829079775
ck_71bc01291e0533a0,0.06274290476953662
ck_a725d7aed2a0bdc2,0.03541654278586147
ck_a9b0c4dbd7db6a91,0.0780126632191935
ck_a4258806a533efa9,0.01864595902353913
ck_905e460591d9a278,0.24776759363968026
ck_20de8abfd8960ee3,0.05137515812926952
ck_252b0a0f1119b220,0.01534105443974669
ck_95e4bef65c36af1a,0.005341088231687572
ck_5ab68b434ad53fea,0.0015513566736399455
ck_13677a1957078827,0.0023728948005372293
ck_d251e9fa09e542dd,0.9992022161627753
ck_700cb620f300dd47,0.010422443433489434
ck_39a68c55a1bd3ace,0.09871162009363219
ck_61a59a7944d6c53e,0.36802630346009746
ck_db6d1c6d31da967a,0.03523281009371887
ck_650020c500b1b50d,0.018531250559625373
ck_d812eb6930192793,0.010147894587238382
ck_92f6ebc11ebca89b,0.04717471174060828
ck_d87e26eb5bc84b01,0.001753955771018261
ck_66439e697695224c,0.008398591469094068
ck_f21efd504faa654c,0.0350607541705294
ck_15eed0f5652f0352,0.005472769022005784
ck_bcdbf57d98dc0d27,0.02796852321744873
ck_873ceb8004d3a9f7,0.036887001529707496
ck_70bef9ddd4bab005,0.004996546559617187
ck_7560f1891d66f294,0.009979524955550484
ck_f439f16f8693883f,0.02329426952505946
ck_14f9535e53f9c7a6,0.0033166948869516187
ck_5984be472d2bc267,0.10151968959558853
ck_ed01be7504dc4187,0.022389316531949026
ck_dc3d8b5c17b67ae9,0.017678561159802996
ck_9dc23031b6b494af,0.02278976439682582
ck_fbdac0221bc03f66,0.003245465017425303
ck_863708a99b92ef0d,0.014095151156306392
ck_22b52654776a1ea8,0.5201258642170947
ck_a0714f98001efa0c,0.028674827788198243
ck_9c56114f84e9a541,0.010606804776117142
ck_e155cf506b2fb699,0.004017556576470693
ck_65ed7e72f24731e7,0.08067238194407061
ck_822d6e8e43befc72,0.04585616327327881
ck_b1182471d9ac6b26,0.006791625398506883
ck_821446adc95e6da5,0.008038975756515805
ck_ff182f033134dbb8,0.04821765559745562
ck_9c5feef7647b0588,0.030499271465226407
ck_df935d8bdd44883e,0.01899397234794817
ck_01eb24c18ad11fca,0.11605768584544499
ck_00d6730134a1eb51,0.15738649916034259
ck_79ba8e85678d0224,0.022251099857805406
ck_97e3b04a1350f6e4,0.022529710415599744
ck_74e9747954a46eaa,0.030226541760189803
ck_397d5fcc9972f909,0.02278976439682582
ck_9ede89e8a43c3f53,0.052517193993851255
ck_303b33910d67f306,0.02306960557279106
ck_3c17841636f6f7dc,0.008123455771130834
ck_78730527f8ba1438,0.4576733788534269
ck_5ee32bc6bb5d1d4c,0.0548572684142907
ck_a13fee8cd925d0dc,0.008661258070745572
ck_6f847263379f2e43,0.032975763920276104
ck_9b9d9e579e7b55b2,0.037725924550791
ck_87c1d0a79e79c84b,0.004509196910144927
ck_bfc453eabb472f91,0.015540815113167263
ck_978c21bb5fe3171e,0.0661957180596158
ck_dd882323474431d4,0.07631961137507669
ck_533c4f7400d5ab22,0.1744483891438547
ck_5f217bfe28954e75,0.972054146385221
ck_ae96d35465b3b4bd,0.00130948492942197
ck_512ebe97c0af94dd,0.21088676832091513
ck_f558fe02bb0219b8,0.01300885012785311
ck_84092e23d5ef4d51,0.12289252472389761
ck_17d3022ca12eacd7,0.02176222307876973
ck_8a8f81bf3558fd9c,0.06901963350832463
ck_0ada6fed1864e7c4,0.0523833346526844
ck_21fe7bc59dcd78fb,0.019697489287433256
ck_e136e20c1c74fe38,0.0039699077346108036
ck_e7a530e09d113dd7,0.022263459019105897
ck_7cb0c9ded4d63027,0.13896261759535353
ck_102db9615e722c9e,0.011486325672841965
ck_129e39ddfde92eeb,0.0027147489114739023
ck_d730ff21bfd7769d,0.003721218817523807
ck_54459b45d2be8459,0.0037693708385703284
ck_7f1c20319eb60aa6,0.9987456713546543
ck_939fede90473e412,0.005663775965731923
ck_e0f9506a6d5f4a1a,0.02927698559820941
ck_9a4967cdf49265cd,0.09761467393489764
ck_b9eaf03453ac7d5f,0.008776930126350802
ck_522477be6376b450,0.052341953349191644
ck_9b6282e3bad50710,0.04238531687146075
ck_a0e3a2facd508e49,0.03398709313690406
ck_97ffae702f7c3d08,0.08082327193875466
ck_344a95cb7115ec67,0.02103815277089598
ck_1f2760764afa45e8,0.0394680319455185
ck_720cd658d11ea428,0.0038689304047087062
ck_04e32ee9834c088d,0.06581814475509755
ck_2bb1389e5e72c8f4,0.03814398086143188
ck_961e7dbc217cfbbc,0.05392230869886656
ck_f3bce4eccfa6d6bb,0.003236893194185377
ck_e0ccfa0d689339be,0.0044492619252206695
ck_98217aeafa0bfefd,0.02278976439682582
ck_a02aeec1914c158a,0.021796522507925895
ck_20a17e8f206a14c8,0.006743091130790646
ck_114c32aad4b6183f,0.06094665020359543
ck_79f5198f0decef20,0.05759165595198151
ck_2209de229b4c71c5,0.02276482163692923
ck_6ee939b7f396975f,0.016918035047318834
ck_202f0c14b07ace01,0.11271310898136833
ck_fa24db9d416ab904,0.015086269107606637
ck_cf6aa24b92c4d33c,0.5753233259264774
ck_45f57fb8194cefc8,0.10708295665520524
ck_d5eb179dc45394c6,0.029289299178541353
ck_efb24be983342f75,0.005027368464139415
ck_245f5d62ead5ef28,0.007189372019250331
ck_15fe2a47fa7e92ea,0.020676986378470697
ck_b6527a85fd682554,0.0044576305146743775
ck_11f9390a11ce9ff5,0.04301923904627009
ck_ffb4d892c5158201,0.006337152297006678
ck_d4c1da5a1427fd6a,0.04955503167170936
ck_2c041b1efb1c5063,0.006983128729144333
ck_ecc18f40b33be769,0.10654034740647735
ck_0525349f3945375b,0.06147185900388353
ck_0bfe62e0c7eab9c9,0.023547367701183864
ck_b7c37d410b1646c2,0.027958068389912934
ck_4b15b0746318cf42,0.20904132929133365
ck_e5ee006ecd8ff661,0.04703124225730538
ck_ccc83cf66365357b,0.05427876028381992
ck_34a33ffe8339f66d,0.9782712942885836
ck_4e39e3b165edab58,0.6844589953833405
ck_1a71f8081ae00190,0.9710826175572254
ck_ed8f1200fc049c40,0.9639051941221105
ck_8a5a57858e8c77f3,0.012135792646019118
ck_fff9fdc2adf5100b,0.35867138050957964
ck_c76f1bf40f3b787b,0.006008532757632768
ck_1a6ddfeef82b1b1a,0.0018515881258951965
ck_478d2667aa9896d9,0.017297483680330874
ck_641c8e7694b21f3b,0.3273291091147099
ck_293581d879f6663b,0.3961376319066849
ck_1bfa8abdb22be8f0,0.21577414429687947
ck_05ab5b03d0bf9ce4,0.18697441741336715
ck_35694db37f0cde7a,0.006148449032367681
ck_fe33eb743d714c03,0.02385227204386191
ck_abd10fbcbaf2b038,0.04017718779023426
ck_46d51648c1bf80e5,0.12044583691290955
ck_5c8390017fabfaef,0.007336377897650859
ck_87d55ca333f22072,0.0020759360905309165
ck_c39c6a1453e2b92c,0.003203350276504498
ck_69ff1b0aa143a168,0.010879085688737326
ck_e57c79eaab35ded7,0.08362382894083314
ck_463ae759e2b6ad1d,0.022431941000667355
ck_0dae4a7eb587f3ba,0.01557757210033826
ck_9b12fb56529ebc4e,0.008598047464844018
ck_1af547077ba2dd03,0.5396523120128713
ck_de13de941bebc7cf,0.009330551159545683
ck_83dde7da2bf647ac,0.013850870710837564
ck_c80a94d4660041fe,0.012021075671127986
ck_f39cfeb277ef6528,0.023572514176257837
ck_1cec1ed1512a2d3d,0.0074344364097200695
ck_7955a359b6448799,0.002924000142952182
ck_8c0955dad13c3ca1,0.026905440304154794
ck_6d4cd2de601a2308,0.025680040580409295
ck_f4536ba8dd2d551d,0.0051318513518493775
ck_b379c198d6db2d62,0.03010721993106667
ck_76ea90ebc74bcdc7,0.030151985299860178
ck_734f06bd4aa92781,0.06598498664069251
ck_677e1d0c14cbf569,0.02045604460549545
ck_259271c70f3fbcbe,0.04468184387699655
ck_c0b744eb9e7d4eb7,0.01866218085042986
ck_3d41faeb96802f68,0.0008690461929163211
ck_8f604fa70fc3c8e3,0.015194215299810632
ck_0b3c3bea0e0ed339,0.004342508075813763
ck_be5df076b8a86409,0.0046185520874683856
ck_6a475fe324d7d790,0.0028351642219902576
ck_3ba3fa5387bacee8,0.0027298176460932664
ck_324b9939d9c1c31e,0.004672521644522059
ck_a7fcf7b592f68ca1,0.020770900576452637
ck_5b2728f7cca414ae,0.005438475501975488
ck_5f4a25ffd0b85a47,0.013660018237722319
ck_63d4f5076fe4406e,0.0024056142726387015
ck_af528d66c86f0cb8,0.008003916031735909
ck_ac7cdb9b8da7b5dd,0.013943693219836063
ck_3bece63711407e25,0.02238492277657415
ck_d4e0b2a12fcfc35e,0.025294286882770682
ck_ee3e7c9d3a9c74b4,0.10574967744162267
ck_50d7c4dab837bf66,0.0083901513854944
ck_ebcb93a2990fc914,0.1061821850863352
ck_2329cc9702cdf7a0,0.026950512665069606
ck_db1fa53d588bf99e,0.012904923003474839
ck_44e57a0bad5a0745,0.0184285612535618
ck_472c81a144f4631b,0.01235540718673597
ck_1658429acd5306ba,0.028014995459813972
ck_466103ec5bd9444b,0.010884996236792545
ck_9757163e25262b74,0.00487007105549329
ck_34ed59bc2c9b0186,0.008486172407568436
ck_b7bd3a7f263f4f29,0.01979228815207315
ck_149662b09d632e41,0.013681003478014183
ck_a9ffd6b3957bd41e,0.016830299174103138
ck_ab80466ef615e85c,0.004402466324400179
ck_f2c824d3473db24c,0.0042417107277977414
ck_a4a01fd45936b078,0.07190442487683987
ck_8f6ce158c2902877,0.010537750553830648
ck_5189a302cfa7cefd,0.0008812126081916071
ck_430a3d03be588201,0.012128827252255576
ck_b5f9dd00914b4db4,0.06984743071551557
ck_52dec82e9cf6135a,0.03375217886834397
ck_95e444a01e2ab4a5,0.024370797631559315
ck_e37cee7b123692af,0.021680871040686518
ck_d68d42858a55adff,0.07833981134063252
ck_3abfc010091d679d,0.009147755003832862
ck_cee4e4e1b62bf82f,0.033334837455810985
ck_9ccb17c35e636c5e,0.08017678943467312
ck_f72a5a3b0d6c1177,0.008238080632476814
ck_7508aa554fae6afb,0.08064931950279035
ck_003aa842b7ca1d77,0.6180152746034949
ck_83b2b192f41ee2bc,0.08448355556185072
ck_64796b6b2c3c7f06,0.02127741362701654
ck_6438ae81d43cb196,0.0064626664334946834
ck_2bd73d9098504760,0.10194539826891193
ck_aa8b9b36a099e4c8,0.02924322459025148
ck_e5ece47d0dd10526,0.027019411539651803
ck_16077ac345472e6a,0.0059967855392391994
ck_a4d6e152b0076964,0.009406899576851868
ck_d90b1d03ae151f62,0.011691148748206493
ck_18b36d342b530af4,0.03319527891183867
ck_2a01e610348b84f8,0.022547922455380794
ck_0a93ed76bf36c8b6,0.010148785313295753
ck_3d56b477fe2370b6,0.008761124020543236
ck_17ab3068fa303682,0.016478746220856134
ck_592a3520d841d11b,0.026590950871030753
ck_84d07028b5fca2f6,0.017511721902752672
ck_f4a2bb10afa85743,0.010769726248380561
ck_4fe4b072f03f2c1e,0.003064681043659267
ck_9ad08fcc183ea1e7,0.009288221977827422
ck_130d3848b9dcdb05,0.017657809165055403
ck_bb399ed6bf28c230,0.036545163676269386
ck_a31a64a39a2c4941,0.0034343107775994816
ck_c49f25dfb39909cf,0.03238483914095732
ck_55f50a9ae2db8ff7,0.009569778569684375
ck_09faa4e771cf876b,0.07351239818624823
ck_df520a7a6e405889,0.009877754098612758
ck_8c8c98cc694ac900,0.03144702103042409
ck_7f0c4f609673ef62,0.010606804776117142
ck_f51fe59cd445d2cb,0.011375182752438023
ck_b3fb83f0d772a831,0.008152506368471568
ck_d6e7e257751c299b,0.022457936113449643
ck_0d362ddb4a1cb6d4,0.129316497440853
ck_a574a08edaf81781,0.0034174593212565802
ck_a823f5bcb0e4b9df,0.001692857105944493
ck_f792586ad0381eac,0.01163679292536579
ck_54bfd70022c66983,0.012897149459063874
ck_fe0a9372c9372de9,0.054459012967286884
ck_5691cd6fdb6d8147,0.010393966950318394
ck_a95f212a02433d23,0.019651149705814053
ck_f5adad75e1c06731,0.05842156376718906
ck_e09c97520eb0533c,0.03995906401455659
ck_a1e13c0d58560340,0.0032252415222135053
ck_cacc2ca410cbe80b,0.015611389574643865
ck_c0dde2a6ef1e08c5,0.017484447923542333
ck_a04403073c90ce38,0.0035420096619455227
ck_03d3026107175dae,0.02414577138302118
ck_50176dae5b1b716d,0.0019381876656764066
ck_6c084bfcb38e96c3,0.03272871375185866
ck_36d2be9012f7909e,0.025303565535585916
ck_958acf84c6137a22,0.011559115633187397
ck_114722e12db90a73,0.002406295650484539
ck_203c2a22c0c165ac,0.018968091907391384
ck_2c44ca550e5cfa82,0.04257911405876062
ck_df0a8f20ab8f14f4,0.008791002249328645
ck_826a27ff7555192e,0.012057853271607298
ck_09a988ebcf062297,0.07975664198056402
ck_5c82444b3b9160ae,0.026053168183065648
ck_f6a4a7ed27fe76fc,0.033615566004998106
ck_17de46314b5c6a92,0.0026004186732393403
ck_335e63101b1e6c4c,0.1155013762286221
ck_c5eefc0697451de9,0.07215268085202729
ck_49a0efb5d4067b6f,0.19652607463143065
ck_c1f4509c8f5dac5c,0.04761316170702366
ck_57658eda1c59bc52,0.00035715009357903393
ck_0d5c0736ec76385a,0.012578480728071828
ck_e0239e6ae30795a7,0.00593621908028053
ck_e4459115cd8e5e4f,0.007252149104396626
ck_bb4aec09d4968dda,0.2095244121336896
ck_a1b4c96faed3e0db,0.04146857314225532
ck_8247b79ac67aae7d,0.021627331468468267
ck_fe2fc7d6e5d83f09,0.003034024991366392
ck_f6aea576cde8d592,0.000881991509363015
ck_b7e7f7d0cd886412,0.07285544799175343
ck_ca7b993e8286af7f,0.048279882557640055
ck_47de038381a9cd65,0.07921243167848707
ck_d38f941d09eec820,0.008596799890814258
ck_d9ba2a6c0d926b4d,0.01163277366107439
ck_cda72f597330d0f3,0.00846652660970739
ck_16d2d27fadeeacf7,0.0023341069886014063
ck_be05447853d423a9,0.0009619380430667302
ck_cd92852d7376a4a8,0.00875616572784938
ck_2faf7ecccc9fec58,0.0010661917205790972
ck_db8733fd92f20cd7,0.023406054437655265
ck_a9989a3a94c26634,0.03515152284134585
ck_957fb25437c75e41,0.11301479419848896
ck_e6a6caf6e7de17c2,0.10477369199715945
ck_f7bc569b37e8bdda,0.019799944802282705
ck_703b375dd86a6124,0.04415106047047294
ck_d3cfb3603f2c6ca3,0.03815147587303035
ck_07cb2b6f2a4303e1,0.035523060430853313
ck_31631e2028d4f855,0.009055128743739673
ck_1631bab0ba1256db,0.02563704169010595
ck_5fdafeaec036f016,0.010242800568319225
ck_6eda4c36aecad602,0.041630786655214136
ck_bd1bf9e3e29de281,0.10393435495751405
ck_bf378ea558a4125f,0.6986638973440196
ck_7aa2deeda0e57412,0.9961167707185553
ck_d229cf7f5a3f38ca,0.02147010765544332
ck_9e109edd124492a5,0.033761873211017465
ck_779491819995625d,0.02049230050502238
ck_b89c6fa2ad0a12f5,0.04386880347967802
ck_1d01b4a609918c4e,0.6234294030300654
ck_714c5d7cb17bc9f2,0.0037215573406588734
ck_269f1746f2609ed4,0.001301658719045232
ck_4be03a2aa62b93c7,0.004407253846842947
ck_cf920313f6dd28fa,0.010168858077104465
ck_fb00aae4e17740c5,0.010606804776117142
ck_085d8c42739e2b10,0.9951684736989447
ck_c72a7d0d03cf3e17,0.1699466751021232
ck_8f6ca5d3b17eac6e,0.030046967108824353
ck_d9573100bbff4014,0.1824633711617489
ck_79d6793d1d0cf43c,0.01115192433128291
ck_91fa5032f7aff0f1,0.045412103859837676
ck_87110d84872c0fed,0.019578195902816165
ck_8220da627e9992a5,0.008523526310126523
ck_2ae44938847f3852,0.002000641019995814
ck_b0f191e44f9b6f35,0.09042336077512017
ck_3049d744b527f4d0,0.005061276172181632
ck_47d3e8d1dd3fbcef,0.008885562699521923
ck_ddf787359d2b5deb,0.01639317518665264
ck_b27a9e39726b26d9,0.015440172265786737
ck_80c4e9274cf976b6,0.9931505471335799
ck_c6afa913168ce8fa,0.029750297847643263
ck_52427b3f8478db19,0.01795167024508512
ck_3b810f15ca0eaa55,0.008832531374030683
ck_0c9e420f97baaa06,0.7938808852016789
ck_f8540cf3a8b2f8c9,0.02278976439682582
ck_1402d24dd623df72,0.004979965932229085
ck_eb4f4267e24d042c,0.012341747347811316
ck_6f661b428d6fb8e4,0.02189689819951817
ck_519a26ecf3d29c90,0.020098089421922
ck_e886ba71d4a6fd73,0.00892468968554844
ck_437f9ecd2016a1a8,0.01282216079684064
ck_f01af1b0c977cc06,0.03840989057429822
ck_614f777c2eb5d537,0.029931577602730214
ck_b804e784cde9af8b,0.0035924658723417375
ck_c2dccbc1b24b137b,0.12361475561745583
ck_1df4a1781a0f6999,0.0389503507918086
ck_bd2cdd53fca26171,0.010416852219904535
ck_424c254249a109f0,0.03619566575285299
ck_cf2ca4f286e289ba,0.03901196595846407
ck_6c33cb15b0d8af54,0.00797368102601719
ck_311d395fa9b8550a,0.014728110214406544
ck_9f792e7e721ff7f1,0.004850618043557191
ck_4c37586080edb7fd,0.0021747957320161445
ck_7c4f42c5397113b0,0.022552465962120793
ck_fc418f53ce4aa579,0.9021358567929573
ck_1ba28fb7ef726ce2,0.007048239249114016
ck_d932f98bf6b83956,0.05557603215870969
ck_248b3659a9239240,0.01332836207287261
ck_6a92cf5f4cf5de38,0.013933978750594841
ck_65519d0fb137e0c5,0.03879664306711071
ck_ddc3fc99eaba2064,0.023339055258109597
ck_7310cda3bc65a73f,0.002590508420122879
ck_c01c85bd631d4054,0.0053987578149374766
ck_b4954d16b9749829,0.02278976439682582
ck_f301f6758e170d66,0.034022365936348276
ck_9bf95f8c47e7c7b4,0.004019968440438261
ck_c91b7fccf6aeb4a5,0.04327524591269725
ck_785fa45e86bc5e95,0.017496297213068678
ck_2a65f1cc23f1180e,0.004289398602518545
ck_a49a2c1f881a3560,0.039745696648199866
ck_def344d68f06d749,0.009278210815352569
ck_abbd1465fc730d78,0.017446861251476015
ck_07a5610ed28162fb,0.015685783273560985
ck_7ecdee2d7127be8b,0.11509060232335688
ck_67858bc00e81490d,0.003042248709627035
ck_b4ad165ace910222,0.0037519251150039423
ck_30753ffe481a1b8c,0.4791149724662751
ck_c401a26725b17177,0.0011537284223487188
ck_819988d8a7f26415,0.0079449889154728
ck_3364a1d9261b3638,0.08155287128784217
ck_c484c5bda389bf20,0.005423377680639327
ck_ae416325fef92c9d,0.5258362459226109
ck_5517b9a865960542,0.00396532216562104
ck_a0e96fed380440b2,0.004700632577856462
ck_e83409471d2b0b44,0.03843626452446647
ck_127273af97d7827d,0.003269560280499729
ck_aaa9861c91bd14dd,0.02375204446730706
ck_a378c58294001a36,0.5015006984080321
ck_abb9d65ff1f95b64,0.010310662368719206
ck_a5ecbefa849ae569,0.015543662214207563
ck_aa9953c0ca2bed7b,0.020491300268201174
ck_40bc6de252865f32,0.008592550605210253
ck_9fb11688dcfe1513,0.03638946406485879
ck_ba68841ca2ba073d,0.008938906373115575
ck_1d3e561a7d20be0a,0.9553835051404611
ck_99a92d710a29c1d0,0.020389502431646125
ck_ede2e887697ffac0,0.015419664536690079
ck_e6de67c0d82a7b83,0.015443135613149767
ck_6b38763bf5ddbcef,0.012640281219913299
ck_8dd44eead7d765a5,0.033722289248681286
ck_30bf5b0056eea9e9,0.3707939163615039
ck_2981d16f8a51a8ed,0.034553212572558105
ck_fc60f42c68c7024f,0.012237539758892984
ck_8e2b2251ee224aa4,0.010042516744485863
ck_1906f0dfaf6e9bad,0.6678241606352835
ck_dcbe6814fc4ca0b4,0.05602571187755049
ck_f7e958a286ae3b57,0.10935781031326004
ck_713649668a7ca824,0.046234860350010204
ck_6f73cdbf9305e2ea,0.01276019933937798
ck_dd1c490050cd9051,0.02620453396041287
ck_e30db36e376606f7,0.05478529720938821
ck_740d8fe8028b5a2e,0.1320662294962487
ck_ebbc9418cd41f692,0.004599728662910723
ck_7b3cc6cc3f250f39,0.01433163681783586
ck_1d30eef7110809e5,0.3564500388340262
ck_77e0589ab339ca66,0.05035407384097645
ck_15ccbf8ff7d14086,0.004354534073179938
ck_246989b0c288664f,0.008341389585525045
ck_fc2a6e27b10b10e9,0.016644190608717864
ck_8afc1112c12f5402,0.014926261736606028
ck_a76e8d83b9141364,0.048111264646036093
ck_51d3e8dd7465c015,0.001187376712846436
ck_e7b4016909405981,0.004030569561335917
ck_e7a3cfb9bf908e80,0.03489468125331531
ck_2bb49dc2388cdc1e,0.047126320528185474
ck_94f4266ee7871345,0.016324911977239183
ck_b2c896beec146477,0.03730239546406997
ck_fcf5d4a4748cdd53,0.05531473695666196
ck_fd0483639811f62e,0.10513124721696274
ck_9a21d183524734aa,0.0696970398514817
ck_1df4b46c0a4c317d,0.06685775223022923
ck_638df9e8a22dfe0b,0.02268050039091971
ck_65acc43a6dc3e65d,0.08568407616915821
ck_7c67b73196e3d0d9,0.24448224403174132
ck_b0ee3a98175b462d,0.01985849731839031
ck_20fad010969f1abf,0.02581487274350611
ck_54b087bd873af8b8,0.0031348342717712444
ck_8007824431fa803b,0.021467340581080938
ck_23aab322810b9fec,0.017363500334726282
ck_c8001bdb9aafc8a6,0.007392494042305677
ck_3a34c3ac83cf84b3,0.16964993245344528
ck_60187ac2c473a662,0.9876120867802816
ck_6a0ccd7357979f0f,0.07629357082932121
ck_27f20337bef5ffe0,0.031162594350573895
ck_f9fc468915afe49c,0.06367777589387262
ck_1eabc15a94bd9009,0.01733177447792377
ck_26896c494b2768ef,0.015370952728882788
ck_348c874eaf0354f4,0.018859049415550777
ck_be9c46acd216b45d,0.05723218182901041
ck_a3cce46d15cc20a2,0.08416066613880914
ck_70804f60d9704128,0.03962546569753806
ck_a019151ca8e7527a,0.028816417494755386
ck_571133b2aa8ead51,0.006165776455138603
ck_0afa4449f20d5196,0.10160055322951139
ck_4d503c41cf4e5034,0.028580249972330052
ck_d6fb9cc5171e3e9b,0.23754283985322314
ck_05ed92a7c3e10e5d,0.009708440526838101
ck_bfb067986660afe3,0.01309894914198575
ck_c1a31690c8573226,0.018091054571479703
ck_cb88ef3dc1f42225,0.01342056831433602
ck_21e3b3bd998745e5,0.023084430693483423
ck_cf52e46fa54e4540,0.004999681033278873
ck_b72c7ac4208052ab,0.018728251077014167
ck_e6465c56b337e6c2,0.008189645697254248
ck_5f87eb05d18186c0,0.005381262808216179
ck_263f6c5ff26b5e98,0.013810484177028948
ck_e0b7e2c0bbe228d9,0.012723641099151459
ck_b657ae3c146cb7bd,0.029653774015441007
ck_abac514d8167ea58,0.20020314950974985
ck_024dcab126876002,0.012370148936476434
ck_5d8481e2b38bd99d,0.01594166104850035
ck_edf229c17d25dac1,0.06702174852887344
ck_6cb7c97b72d6b5d3,0.01159607282912806
ck_c96ae2c28086a059,0.007745679745847263
ck_2f241b97c0f8389e,0.02559598254341839
ck_9158bdbb63ee8987,0.013636195315467023
ck_e7b40b60786c1530,0.0022675907501398564
ck_66d38518f68e6194,0.009897488659701944
ck_8c9b57ad2a991416,0.05086736961582901
ck_cc91bd7152d3e9ba,0.0027835584527868607
ck_0d846660c7957a88,0.07525665604003835
ck_60896cdac2212bea,0.06370867181656821
ck_dc4db8b932df49de,0.05733210095323893
ck_2dc31db181150e20,0.0018787288497757368
ck_2f138fce1171e277,0.0020776770480419003
ck_68b8b859a6ef505b,0.02487735595007266
ck_c3fe0c6c5e1f40f6,0.06424373931978557
ck_15886fe84866de92,0.011074319952428028
ck_ea269b35406473e8,0.006231991413536697
ck_3ce7cad1f69b71d6,0.006011701244283394
ck_054ed4288ee58d6e,0.05189382653323528
ck_3d4913a86f207fee,0.03504855622810416
ck_23ff85f9d2355e8d,0.01551880372216051
ck_d87ab3261322216a,0.00453816925530133
ck_fac046ce336fe39d,0.017744813892620614
ck_beb97e498e6cf8e8,0.06673756000477274
ck_1f517e0ebf397b51,0.04003549938982122
ck_0af57ebaa45877a1,0.0017950196726824082
ck_f99bc1732ce5e999,0.04161369781574425
ck_abb056a9deab275a,0.03218357378443323
ck_0bfc394c5faa65cb,0.019496964187564483
ck_ddc865af1dd5670e,0.011772468087202967
ck_68b5542459638b56,0.04513011153115276
ck_0b1d84252c0b46c2,0.0024681619741093795
ck_520ec32c4f253604,0.030394017409360624
ck_79ffcfee599d77c7,0.03780195124991824
ck_eb224c0fd146253f,0.02913637072925385
ck_0e477084434da450,0.027433643248357214
ck_07840bba5570785b,0.21055830038628717
ck_6b67fe8e310ab865,0.006567888857215386
ck_e2a1068c2fa22525,0.027636646804462827
ck_b9c6b32f6bd92a3c,0.07645150611602708
ck_c1e7d1021ae58f00,0.0015039281338477468
ck_5d7801201749ffde,0.022105451891290283
ck_c8806749e263f70b,0.0006928467021608538
ck_c9eeab826781dc91,0.01762056452373095
ck_309a432c160a17b3,0.009244521788786264
ck_b22e3337b8e3dbb2,0.0025913499689815354
ck_79c30169c71b8033,0.7307595462642817
ck_5a6593d954085775,0.02393563644124998
ck_70b9b79ea1aacba8,0.02299748481446973
ck_63743141ffa11f45,0.006308772234857263
ck_dfd3dbd0d97a642b,0.002300055015999263
ck_635646a661f05b4a,0.021353207218528004
ck_4b123d6931b6d0d7,0.6375935396231026
ck_f2b0e7a47f442557,0.08441001499046753
ck_1b1df006b81d38ba,0.018556159886845766
ck_360237c1bd30f4bd,0.006256845702717781
ck_5e84bca0e362da20,0.02292180530226544
ck_142dba210ed2f3b5,0.21872059052423892
ck_a3564236069e3524,0.031900864408739585
ck_cf36d8b070ded782,0.02381811614226314
ck_ddd6625c5eddad70,0.0037017632020416988
ck_ad54292a0b2f44ef,0.0072380344234919914
ck_45cd5ef6b359e9b4,0.00129533785661826
ck_982c2392238b7be3,0.2472716793906201
ck_083e4ac78685c3bb,0.02938413265167724
ck_729cc0b46cc2e546,0.17125929882242327
ck_f2b8995fe5402759,0.005663775965731923
ck_73e24f5a8da289b3,0.10985768064784235
ck_bd85f30c36f5998d,0.034467033319889304
ck_ee4ff3aeadf912c1,0.0168203856214608
ck_63d2978706e193d2,0.009685552564123937
ck_6a0684436a1e66c3,0.05373184228719872
ck_182dc4a2f5a366da,0.01598908705368037
ck_e6fecb82fc2a82de,0.00813461947295128
ck_cfb06f07394dfe64,0.0010676526813342799
ck_7bbe1dc8add17ef0,0.031235987401716875
ck_5cacad76e02c8e3d,0.5810841027442046
ck_ca68dec0c7df5a12,0.08018088832288317
ck_e4c0fc52c82065d3,0.004906618453450146
ck_f9197b070416f443,0.005334632787640357
ck_2a07c7021b71cf65,0.08152877580841199
ck_4fa85cebf707de2c,0.005533962584664372
ck_0063d2a9507467e5,0.003514489336015661
ck_ec986285fff05b7d,0.013075829518526979
ck_279d43303708109b,0.027053401062840335
ck_a406bf11e48cf8c5,0.049842317078501626
ck_064b2aa3f0bfdb6e,0.017144889153483032
ck_95790440bc4bd2d0,0.024223360981935407
ck_70066eea13b4c34f,0.00606201773647759
ck_19468fe07e26f992,0.8522497663617863
ck_86bfe328e0a533b9,0.8988860688443152
ck_ace3b96c977a7560,0.05449844117069871
ck_642344e5c652d8df,0.02497324125261085
ck_074be35c951ae10a,0.019664685133266593
ck_f14dce41036486a3,0.9913582341372518
ck_5cf67a3a747e684d,0.0331760838024719
ck_f7285b92648c1c81,0.024190253630036154
ck_bef3193f124fca5c,0.05938015463881828
ck_05c4dcbb45de1f8d,0.029306804056461282
ck_d7c28eaa05bb7144,0.003750286145877584
ck_320df984791a1b99,0.005428670463872613
ck_f45bad1606fa00a7,0.005878524780771114
ck_6f81c199e986d9fc,0.005648357137784738
ck_d0c9633fed57c344,0.0836181925837784
ck_a3c25d6cc7478068,0.004910983421930425
ck_4185506d12cf9fa0,0.011240447220762777
ck_7a02ee1bfba7353b,0.01070871946472836
ck_1b52590757c0fbeb,0.025084943618449276
ck_a0e5656e1cf9cbf5,0.0012570944235219474
ck_ace21f6daef94f6e,0.00609954003222559
ck_646d8d0834782d6a,0.3001608826011057
ck_1f136a4476b5e775,0.022113811660953234
ck_325c7643cce02da3,0.021910049262881384
ck_9b5e7fe28208f5d1,0.004949887133116598
ck_05d81b1a150f31c5,0.004100722436585944
ck_0e9ec486bff403c5,0.011446094765970371
ck_ee13c091bc379188,0.010102256202007267
ck_f7a7f8f5903617c5,0.017248910172104125
ck_96c3a3517153390e,0.028908183387998197
ck_538dad7f096458ad,0.00321446436284055
ck_8758fc6622bbb7df,0.018141845260352035
ck_f7e53af3c91fec64,0.10050290751279163
ck_80b50fad7f255e1d,0.019199256053932308
ck_9645e7adc08631b5,0.09040233407345033
ck_e007aedbf37d6ec7,0.01615782143349267
ck_2951d76c41de2569,0.08540769589720162
ck_9439bff87e616d4a,0.1405955528774812
ck_a73045e96af0e4fe,0.010045473874869182
ck_7b382e533e2e925a,0.02278976439682582
ck_730226c2d216cacc,0.03143258656501598
ck_bdf837d761a7cec2,0.03478616698622089
ck_0b34197335ba3341,0.012830528407670573
ck_49170c4b31a20f5c,0.004057892326446202
ck_cd553ba6589d8bfd,0.014571287782087314
ck_56b992c6f136fa5e,0.039191862487065056
ck_8beae3d7328fa41a,0.04995424276933489
ck_1a065ea906ae3d6a,0.034024251832436334
ck_e9e3381d5e0e5051,0.003431616185055471
ck_a6d4f998dadc90c2,0.267126402471059
ck_d36733da917115a6,0.028768145137491024
ck_e738e920bbd74a7d,0.013677395064558298
ck_af65eb885a51048d,0.00449799239767541
ck_73f4eb09af29b1c0,0.007100501361732336
ck_8fc641b1750a2542,0.07418496431771045
ck_41b954c7a948c060,0.04573979763239702
ck_25fc3010e8a0f6d7,0.06285120090793711
ck_a2624e0387974e0e,0.07555161443683352
ck_5cb9d7b2329d5ab6,0.04004634501781126
ck_6c83aa1d100a7cd8,0.1351943893935985
ck_67025c64588abd1e,0.012902345095566375
ck_f5dde68f6f0468e1,0.009419695105133147
ck_46bfb2cfc29a6d2e,0.05246887648996792
ck_49dddb894d33f6db,0.029334146410288867
ck_f738b633b8862d18,0.0037220414126260463
ck_3d6c3c00d854f5a4,0.060057362969672214
ck_cdb8061d8d1a6c5f,0.036730886925877865
ck_5e1b81848718bdc3,0.05493159488860718
ck_8def763034187436,0.02240949923871202
ck_8f8e4fb9c6190272,0.01097050562104685
ck_368b968b5f33431e,0.010126569995761472
ck_ba7e347251ea399b,0.01972371883645648
ck_9075432001a64e75,0.015632726793004953
ck_73c5371635aca173,0.32817400993091395
ck_81793387b38047cc,0.03150654482870398
ck_0cf220816e320ac5,0.0038583248277465443
ck_820219bb9c761b52,0.012353795245381124
ck_70a932ab39d86a24,0.0019236153117028418
ck_2c4be237a7ed79c7,0.026307369424093
ck_acc764b49ef02826,0.21035489770207705
ck_74c3c3452e4e7cce,0.01140481136861245
ck_34dfb57e5bf31d2f,0.0251528808618529
ck_6ec39903f765956d,0.014973034392615565
ck_5986119e7d81e831,0.04512056268255242
ck_2ddfc948b8eac752,0.2399277958151038
ck_921ff5ceaf40a968,0.027596815586885644
ck_fb3b68b4424b5f92,0.07566240135084554
ck_c3db1b3ad4f16679,0.005528532170609709
ck_124a197be41687f5,0.009890819317827527
ck_c58d9151834f5bad,0.018374268338443304
ck_389607982eb6b701,0.3539070655374307
ck_fb0c138c003e933a,0.001847698581957026
ck_50d0bb7edd8c69c0,0.08039098310901042
ck_c6cb651149dc9a8a,0.02410888156177642
ck_81e21354e477eceb,0.06081707532241708
ck_7696e38b3e4197b0,0.009840321147882778
ck_586001d3ed9e7fbc,0.021907050389932695
ck_bba413492dc46f2a,0.007989753472772672
ck_95b894380ad2702a,0.00545745500568836
ck_277621473369614f,0.9985912921262283
ck_a50621b5eeca84b4,0.006748507074141981
ck_bfa7ba218b988cde,0.0507123037856579
ck_5ea89567dfe78e4b,0.006244282154707122
ck_6c679602a6476ab2,0.044589537911900824
ck_d3885e286b3b11d2,0.12714279496020794
ck_cdcf6671b37c9c92,0.020327095564327522
ck_b5c93e6d34f8d366,0.007011258697602522
ck_c24f61925dc158d5,0.0873764771088822
ck_cd09375e6c81d2c4,0.02269298850241956
ck_a95afc7a00303a26,0.1144487572080756
ck_8e89ca8b39f3f8ad,0.02464055095651359
ck_9a84b396aada3fa8,0.15285177591130011
ck_5124a2e415384945,0.04864623741559742
ck_d66bb1f063357f99,0.0319485259775551
ck_0fd9312411b0ac55,0.03592624420514058
ck_ad8cbe6e27e47ede,0.02278976439682582
ck_8398adeaf41f9cae,0.024302268761028478
ck_dcf851e7bb5855d0,0.014449823379926756
ck_9affb0f26776b642,0.014582644923390377
ck_f0424b3b36bdbef0,0.06435309681582908
ck_66746d1090d6d9e9,0.009717735547899845
ck_e5f8c8a5824db594,0.017465987174882316
ck_3e91dcc209431984,0.013635760723320362
ck_126a82e8d42e5ce6,0.013150711004799616
ck_38e4a74ab256e2eb,0.003770771641362864
ck_1225a97fc413a419,0.07804854710358283
ck_9b5ec0f78e160e65,0.02401745684716541
ck_7c5529bcc079600b,0.015720225051953435
ck_29640fc2fe81c251,0.06563293321480998
ck_160e9ba0a3f7c1fd,0.034345107229740726
ck_bff090cb4ab76b9f,0.1874878367212521
ck_aa06ed358e43db69,0.05023322842503484
ck_7264486eb512d84a,0.047654833714911735
ck_f5a32e6160b28379,0.05131518260830938
ck_4ba8bec14c2217e1,0.013708437201265635
ck_610815786d729d2f,0.14482865962796035
ck_e267999226b6321b,0.0021747317670032687
ck_f3996a3c8eea1ea0,0.004687423321296494
ck_e9b75ed7567a3f23,0.03842686559264261
ck_d21612d48bb4f7b8,0.0012037595001131588
ck_1f871df76c6a995b,0.038955385128032476
ck_953bd5de48ccd70f,0.7232865832254333
ck_02a9104419a6dbaf,0.05030861600502728
ck_1eeeee651e05d535,0.018076663365076552
ck_e2ab04136a442a98,0.017223492239154994
ck_f0d806624ef3d359,0.025933169034501713
ck_4b68b38c1b3326a3,0.016542548395092997
ck_74e60495f8861156,0.01197948220846333
ck_398f3f4cf05c721b,0.00577941544299126
ck_f761b7650a0c1a85,0.28595532221640035
ck_7dadef33f5e2d94f,0.9701535936637995
ck_6ff6883633b8c7ba,0.0023077919045380235
ck_4d2159603045109e,0.005110106607317231
ck_a38bd07a5fac5c9a,0.020412763158714382
ck_f517f06551e69507,0.0029895777786771954
ck_a7ea00a1760ad561,0.9725647817304309
ck_31fc51d5a3dfe16a,0.08195608750590785
ck_bac5233623b25ca4,0.008257740621504101
ck_385188ab27784fe3,0.057472613970749015
ck_9947a323bab5cacd,0.13162991155534928
ck_7973edc9f22ee7b6,0.0321597881198416
ck_f97c477986043755,0.026113461431014878
ck_1a3fd2cc4b4de196,0.009868358900582758
ck_e18ac29ea62cb435,0.03267971170341938
ck_9720a472a3e0140c,0.0026798019026307786
ck_668c7fc7d7e47c0e,0.06994403231036435
ck_214af0806470ef48,0.02544985310510669
ck_a46c1773f01f0be7,0.12459297514126663
ck_f2bdcfb4203ffdee,0.03415124901186604
ck_40e84e6ffe788a4c,0.03728931252953492
ck_dfc6f5712d8d6678,0.060459892198123644
ck_01ef1036b2e66a4b,0.011170000977545428
ck_3acfec10eec32f9c,0.008757279085520918
ck_084a85145c15ed77,0.02685885059352052
ck_fcdb4fe2f095fba1,0.09084202696430607
ck_023908db0a193076,0.06717371393769193
ck_fec0ff92fd622253,0.021189724160231658
ck_c009c97d5fafbced,0.16787052649634843
ck_eb9f0c06ee017ee5,0.02719816865783231
ck_d7792b429620fc24,0.006766032082034249
ck_5e9e149a3b69c726,0.029627482152878082
ck_ce927322ef8f651c,0.01040943639803763
ck_b8fd61a8e82bce32,0.9970544530939578
ck_9aafc33fba1474cb,0.0035785901282251254
ck_ce81ff9b8b35562f,0.23804666488344978
ck_25bfca1d8eaa152d,0.0037349035745045836
ck_170c65860e2a7e23,0.03533394723265215
ck_952da7ca9f33decb,0.17999431560947707
ck_1ebd574406235957,0.008155130851538303
ck_589109a188adc2c1,0.009003462268059073
ck_f0cbd5383bb07778,0.04357091313936907
ck_242521e261148fba,0.0050989974554233415
ck_509cece86a558de4,0.02904800397419049
ck_0dd7c5925d28755c,0.050250280936981806
ck_a7e669cf1c3985aa,0.008709188992086302
ck_acb84dc2351eeb76,0.0064518471793039356
ck_b837c7dac2a9b931,0.04162267143144399
ck_18eb1f9181f95df4,0.005663775965731923
ck_b0b9047dddb1ec84,0.027968753173471948
ck_43aa136bdb0a2832,0.24908032303334904
ck_3e47f8c56c811700,0.051733823002813095
ck_77c587d24695ea15,0.02496251281582845
ck_20578ac693ea4e93,0.03286599912020958
ck_b9f6040eebd1605f,0.07765759104635198
ck_ca9d86f65cfdf018,0.0481982321224349
ck_a4fa8833995c716a,0.044903387065556466
ck_f589f1e29301b5fd,0.022352480340458433
ck_961ddb8ff55d868e,0.0032984688910717573
ck_5662492a54e6688b,0.13401224045218466
ck_ad48826c1c26eb78,0.2101748145048772
ck_621c9ddde6bf2eca,0.025262777264072726
ck_417a3500b2c717b3,0.02917136587405648
ck_c7e129058beb3ac1,0.005942098364576327
ck_ec1c902b9b9b9c5f,0.05248902269918483
ck_317360ec0a67d27e,0.049326797713624825
ck_3e3ea5d8c4a229dc,0.06956322929632194
ck_d11d27de7bf0b973,0.037685757704063766
ck_d37d56e931105db0,0.018315600520342985
ck_4863077723cd6ce1,0.007305752188584912
ck_479a065d5903e9c3,0.003047127668690239
ck_e66ae4fd586fedea,0.012354101753596327
ck_192bbfd0d5720134,0.007868393941084163
ck_3b436cb29af99f3d,0.062024935641579605
ck_7c7ca54969eed187,0.03151336903423058
ck_826ee896c9f1144d,0.1381345966808386
ck_ba1f6dd43fc8a0b1,0.0038760828187982804
ck_49685deb63e4e8f8,0.014576762777370446
ck_687ab5d5554bfa79,0.017636916326465125
ck_41346ccd9242cc8f,0.0010201090940573766
ck_8f8e5e2b9dfec3d1,0.048266175189473494
ck_94d5ce61a0c50465,0.005949158071903226
ck_6b954c75aad8c012,0.011383186195167467
ck_748af92828c9d288,0.014849374630761553
ck_dddd14091ce812c2,0.02307555759449558
ck_723323f6870fab59,0.049793616746419384
ck_dbdf8d0708cc6718,0.0018426074475487637
ck_f04938570a154de3,0.00675269961420283
ck_58afa1550b3b5294,0.010871556513950383
ck_3b150afde386ecff,0.004121643863805648
ck_666b95e75d99ec4e,0.7387069873229123
ck_e00332597cf1eb24,0.04175051142663377
ck_9a9e3dac79280d7f,0.35580806937963866
ck_e8d37262e859d9a1,0.009031671219531887
ck_895bb39d24bc1c4c,0.010014625354754624
ck_b367449195e36499,0.007892409593034702
ck_d23f9a50d1135ce1,0.06332865922700653
ck_670dc4910cf476c2,0.015378694634030816
ck_3ecd8a5ce65e21ca,0.0012860521093645426
ck_8584fea2df4c6317,0.02278976439682582
ck_0789ff4562202b20,0.022997573414896198
ck_749e0e50c3907be8,0.013872630142567243
ck_c3ff6790cc6d7e34,0.022921481687686467
ck_75fb7e56432ee4b2,0.008402521733679386
ck_529fc3170fd11abd,0.06463016712895567
ck_34a69b3b4a681796,0.08842111526350713
ck_255f0e5888ae9e23,0.01773027674294219
ck_65be698386474170,0.007468894216125599
ck_5eec9ed855c26000,0.021086897556901286
ck_5ab39bdc9610f6f3,0.5461170991449331
ck_1b5b75762f033462,0.022183759354048465
ck_d3e208671cf37f91,0.9098464097395282
ck_5068ee554ceff971,0.009992858304269237
ck_d7d50fb57fcb2d0e,0.0047330768283037755
ck_ba6e1115fceaa067,0.02857460315034283
ck_d07bfb16a4a7dac0,0.8935413410564731
ck_ead68310311690c8,0.08722960535028729
ck_ee53ce862bc9c111,0.027058763044928998
ck_97e56e6037024dff,0.0011458454656294176
ck_80b04344c98ec072,0.009755497663357602
ck_5954f45a2ab45f43,0.03027553570142843
ck_18ddf7e836256e3b,0.035609087418766915
ck_89a1a780144d808b,0.021073793743382974
ck_a7331e8b808c39aa,0.19467062240413116
ck_a1fd0ad03ff9b776,0.020793546518729503
ck_c0cf50eef030b401,0.01227512082285361
ck_074f20921189e7d6,0.005671701960947905
ck_e2aa7be60794593d,0.06369139380557022
ck_72771757dfb7f7a8,0.03517159342409223
ck_a9cd84a6dddfe584,0.0218694776451606
ck_142c00f9f8557504,0.0323730294058291
ck_221b5d40358230f4,0.0074715056819043306
ck_a2d7a563f520b7ea,0.01384947520237144
ck_66cd34bc568d95e0,0.035637404126481406
ck_a17128972d3e507d,0.005331251323385724
ck_bda299466bb2136e,0.01304603278863297
ck_2b699066665abe8a,0.011390704073087763
ck_0ac9848bd4ba0c14,0.015452940607801717
ck_98d2f9a6ba3a3077,0.8849203973101384
ck_a872df31b28a5f7f,0.18879472708673378
ck_7e73e1d44ce82ed9,0.006999337951566119
ck_1a415416f620d49d,0.014289892973383957
ck_c95c786d2f8b8edc,0.0015786115587444606
ck_e45012f22b7f91d5,0.029399433841494158
ck_aa0b083e2a6813eb,0.021144863405363753
ck_4666232ddbf77756,0.032194062759379395
ck_e08e9c8ec5f23d8b,0.022346852571754214
ck_31d4c0518e5f52c6,0.024207961722152845
ck_c1ab40638f04cb02,0.0070405586381412305
ck_4c1fdd1669c7cf51,0.014295387619542046
ck_11662cc7940ffc82,0.04449738155022455
ck_2e679af24adedac8,0.04364405480283988
ck_454b9e21b7f25a4c,0.018520227431226718
ck_355c4f29089731e8,0.41236339760438495
ck_507e40760a24d2d5,0.04667029870099217
ck_0943e0f305078e34,0.9921748220155888
ck_abc54ed7111e9ed1,0.015323545329343139
ck_a60fe02fc04407a9,0.1279434321831911
ck_244b897bb4d57c1f,0.014789209779324053
ck_8c84fcde93a04334,0.1328546501672062
ck_9eea37d2de633b27,0.05077674360337802
ck_b2cb9e6610eca967,0.0071289065604298
ck_09aadb4c41b166f1,0.0454401260020488
ck_8d94fbb4828ef326,0.05718454642164221
ck_089e3a07abbe3b8f,0.00527586505399762
ck_dfee9de05e3971cf,0.022799791209963456
ck_6abf8302ce052451,0.0718302380175143
ck_6ffa90143838a4a2,0.009192280569358325
ck_325caeab5c7a9c3a,0.013534931565071484
ck_1964ee9db929a173,0.8046320246136267
ck_942b95988a6245a6,0.04280564345487019
ck_913ecdeeb8e21a9c,0.003230294245186612
ck_ecf9794349eb4b3b,0.04374242914336236
ck_b6cb8d6ae828eed1,0.02942721965109719
ck_2f82ea66c4f53b33,0.1294625835173354
ck_6e676daa4855b58f,0.04561236980612691
ck_2a37fef48b44e9c8,0.016844613004776344
ck_3bd12d468fdc2450,0.01760491266899475
ck_1a28b6a40a6bd3b4,0.02119431332325946
ck_61b79dec96d15713,0.012458801277022924
ck_31d5e3daced93d3c,0.020250567457656084
ck_e6c8611c0cf233d7,0.006610055675899727
ck_f04761b4a937ac3b,0.003164855069966033
ck_38c1c75cf055031b,0.041596999762105125
ck_59a561f3df01441a,0.006681052605532039
ck_04e40f556a5062ef,0.006704099612146412
ck_8409716d174635b6,0.025947121050672758
ck_3019afee83342701,0.01895530848441317
ck_b51a58e7f032c9a8,0.02692903404909144
ck_5043e474f848346d,0.009533030708370869
ck_4388abce33ecd01b,0.38891478034380256
ck_c93def7392f0aff5,0.06366151619294023
ck_72e7b1acc19df820,0.07629343843407586
ck_f253130dc3ca5b3c,0.008272721032602431
ck_eb264d1b180d4b4c,0.02525478404091904
ck_c2504f5a113433ee,0.0017715822350845682
ck_c16ab1e4dafb4910,0.06159942540762608
ck_4bc42878fa180991,0.023187494574031443
ck_1c771a7c78f6622c,0.03936546670448463
ck_d523f0e50a2747ad,0.0028880179634334143
ck_9060f4e7ab7a1b0c,0.030761411097672515
ck_6b55ec4e87a5e22c,0.056163170545236944
ck_55fc62a5f89a7251,0.031502063377511144
ck_bd2545c62f258231,0.13530085238380835
ck_1ccdc69d0bb712b4,0.02645758055912366
ck_710f867a3bd5898c,0.011595576405080535
ck_f91d48c40337d375,0.06090412174738069
ck_f76d929541ed41dd,0.08173071132875723
ck_e26a6659c237b650,0.007522738440650851
ck_184983177b73dea5,0.01497639350164977
ck_6d0d081bfa8a0022,0.032975763920276104
ck_2f6e64f638da0f97,0.016091705072898775
ck_15b93103ccd38609,0.0063986502118186855
ck_094d10439b7b4eac,0.05918270680511409
ck_d2ca47180a926ba2,0.04938506444350005
ck_a69ca7b9d70972bb,0.007611099452538119
ck_68914e67343a7d32,0.018444079418558357
ck_8176616132458c0f,0.033402877127169314
ck_eee99af3598311b8,0.019665216011759065
ck_94410eedfca91304,0.04634481780100825
ck_cfb11a0a2325bff5,0.0021502116450995423
ck_75217ee144b715f8,0.021612568558269422
ck_d56fc799542299b8,0.00422448213961821
ck_4c352dd3e7c81269,0.08105236715137307
ck_e23e50e02cb3904d,0.08693731022573443
ck_b921af37d500e139,0.01816571091187266
ck_82181b935360dcbc,0.9804601785257511
ck_22a7cf3b99c5e5fd,0.023979987240383412
ck_f67ee7910d532216,0.015218301582571201
ck_5f48762a14a0326f,0.014751593948510123
ck_1757fcb0e6e3f88e,0.1395204150734374
ck_2c2f080ba185016e,0.06786442144853382
ck_4c25570eb72711b8,0.008732357491319767
ck_a3be871ca22ac416,0.028553390021711575
ck_ab70961e7c6695b2,0.009042967822460148
ck_a1cdebfc42a52448,0.01666115405064414
ck_f1b80b821a20186d,0.03109735628971947
ck_ae668e4564cd2aa1,0.053680195092590824
ck_0e2bc3a5afa439d8,0.033968202312132205
ck_3dc378f37d0b74b8,0.01742723343055775
ck_9f9555197480d1cd,0.04883424681016421
ck_bf4e7d48770a4a8b,0.20553568308063783
ck_614ef655f0685060,0.027519840843775886
ck_04d2ea38ee27770f,0.010425898879158976
ck_e03a9d8ac94161d5,0.062247839668126574
ck_d4007b5b26d9d854,0.0026772445145867847
ck_2dd147ce6d61749f,0.008255371100257975
ck_ff45764ea7d6619f,0.014447290281718421
ck_dbc487cb0a6c18da,0.7440615068284763
ck_791d5392bbd80447,0.0017911541507953002
ck_b4068439c413b150,0.053407468279356184
ck_85df7b7de9700aba,0.017321983874808832
ck_001e42551cd06e40,0.02625469748451253
ck_a6c02ae50932cd9d,0.06482608645902362
ck_9fd0be2c018ff5e4,0.11272285528185863
ck_32a495128395fde5,0.01420913903547444
ck_b6f2a2fd232c141b,0.09381405244440923
ck_28dde633692904b0,0.08520689934228505
ck_a1a93c5f375f6021,0.01158759187431048
ck_e3982142336782df,0.014715202414924824
ck_a9812ff3c111ea94,0.061451941559999085
ck_f04062216f95fa00,0.02437893405040409
ck_7c560467daca735f,0.004290309730754607
ck_76ee10d6e2dba70f,0.08678472228360251
ck_3521243bdac61178,0.00871660715722488
ck_28588fb03b320520,0.037165860295089434
ck_580dcec33ec232b8,0.1499530357225937
ck_7109923fd7dab20a,0.008693901049718402
ck_7c872c99481c1e9e,0.036553726850821526
ck_46f4e1f5026f4d1b,0.0048983524565072425
ck_00d1ebc31ec4653c,0.03368036925839488
ck_aac70764dde15168,0.009652427355494146
ck_648c03f9aa4e45f1,0.0037537481596462167
ck_5478eb69ef912785,0.1529500171600545
ck_79b8523137bb2603,0.017355938637194798
ck_795c49f312640019,0.0006393263574228987
ck_89184bf7b7fe41cd,0.44889520357512175
ck_97d4bd922996fa10,0.03932042789520529
ck_1cef30d08f3a598d,0.01477390248294308
ck_2f9fd36a4a40a6a8,0.02244060956166431
ck_40780fc0f8d6f309,0.014881449667667145
ck_9083ca9fec2a7f4c,0.008634939597668643
ck_62081bc35aa59931,0.08510208305818033
ck_2e1b46c5fc56b863,0.06904485407829095
ck_3d139692c51b604a,0.07644401188521151
ck_b5e54e22e3d6960a,0.0083901513854944
ck_c0c4be3f44311b04,0.004744433852973014
ck_82a8bdd2692c2a5e,0.002708805135296682
ck_bdd2da300b530c5a,0.01223266448798341
ck_ee40498cd97183d3,0.005663775965731923
ck_70b9274473bd6dfe,0.003483285291951965
ck_473d6314ea614b29,0.0063755727762555055
ck_7443d6dca8cd1352,0.019373817699639775
ck_3b49768b448b071e,0.0099157381931683
ck_b43f04431c267dea,0.029635899571613545
ck_4424a5223ba2fe00,0.047659313374160864
ck_819bf3e8231f4081,0.026483626002193693
ck_91d417507a8c58cb,0.10925828728718176
ck_e88e86b19cada4aa,0.012835712385767679
ck_59684167f9c6bf4c,0.10998125328362046
ck_d5f5b0dc97b9dc27,0.0541952010554155
ck_13d1b192bbff8f32,0.023297804965652025
ck_b21d8630387cabce,0.008272721032602431
ck_e4ac22046699b99f,0.009552724754998118
ck_74b848064f2ff45d,0.004925014709416892
ck_166aa980cc87fa77,0.07660107724471855
ck_98e337806104dd88,0.00342363584244607
ck_66eb09be007f0755,0.029661150812669075
ck_3ec9b9d8dd7be11c,0.011367300857893984
ck_8b8b9de339d75d0b,0.03311477428657428
ck_6715139e240007d9,0.003192392926683841
ck_a0255ab46e122d2f,0.009402417298880047
ck_66e81a4190c33510,0.013216240835667711
ck_5d75ea4f5c9080bc,0.0469770266021077
ck_df69858b8a8b3165,0.010606804776117142
ck_e15252ebd7553422,0.006950343724086726
ck_34d6d74bb3ed11e5,0.008323789988568505
ck_c2608f78f6851d10,0.018776471534132318
ck_bb99071e8f58c8a4,0.011613843909417441
ck_06010f0df5b7cef8,0.008364939603369096
ck_8c582eb0f6c0148c,0.023876936255671794
ck_0034d010d28aea78,0.008800258468107414
ck_01c1f06692566ca1,0.020093854150040887
ck_4807726e797fb893,0.024333320988974547
ck_edc9668282e3c8cb,0.024592849945612675
ck_5486768475af7bb5,0.7666700201930746
ck_3fb9813849e51837,0.005549686598496299
ck_861af5a9a9a6d619,0.035346257108865575
ck_da39653add0f1109,0.0035519042501902217
ck_74a4244eb1f162e4,0.0007661409835285883
ck_9a930faade55b8ea,0.005789627140944003
ck_fb6e06ca88519dcd,0.020050465696573823
ck_9776cd8263a9f415,0.04546892566382645
ck_b3dd1198ac5aea73,0.011080069452403103
ck_b6675a04df1a4276,0.011740834909365614
ck_5c7ad6e731b69333,0.44481436407907393
ck_28dc0fdbaec00580,0.3642844042505929
ck_8e7a32f7e3905f4e,0.025862302766435717
ck_8563fed6674afc77,0.013477813560983761
ck_9a2fcccb82da663e,0.010465634428172586
ck_6a519bdac0d94527,0.0032256285404477785
ck_a0dab7aa9c4a39a9,0.035363864796870224
ck_a3ce05e9e5e32142,0.026584417564102094
ck_7a7e40ee3f97c035,0.012114240413599825
ck_9e9a830785112a73,0.014092748641648039
ck_ab1bb02f6b189304,0.5059084731200447
ck_7b8cb0f90fbdc8c6,0.0032406484816553394
ck_b138fc249e659e60,0.008890534091265856
ck_e73caa3771ec5e0f,0.16512979051978458
ck_18a55b06ccccd88b,0.026327202651502467
ck_fdcb1d9265d8fec1,0.02022122193311411
ck_e21a900556b382ad,0.010066972934460223
ck_c6bf67470f526771,0.039834556958809934
ck_b568ba3837afb39a,0.005144300879006531
ck_a2858979dd5645ef,0.007246123348923797
ck_1da9d40837ebaa57,0.0697895698138742
ck_9341c7959543c542,0.00397501365416138
ck_c8ad86806b9a2369,0.04617202842014714
ck_5c85d93ecfed4b0e,0.014154545322102294
ck_f07b09879d697b82,0.007265931850374988
ck_fe43da07608b1749,0.029216836979481433
ck_4bca22b5926b9c28,0.0006002256864997764
ck_aba573aa942b1d41,0.0020424473391737613
ck_57c14e32fa4683bf,0.02110139102937465
ck_891530b489ce402b,0.03637107947186014
ck_5e74fdadb93ff293,0.04628828229629196
ck_14436a409ebcc90f,0.011173171765452605
ck_00013fdfa0bd37dd,0.005901483615656619
ck_7dbe24ba01316775,0.04201388997685896
ck_0e3f80c1553c591b,0.012652626351121847
ck_3edc45db58760d76,0.00675269961420283
ck_29076a13f539187a,0.11792598453432952
ck_b1e81b58b9a545ce,0.041001011553558696
ck_3f8571d4f7420b2a,0.08788229586122495
ck_7dff6abe4bd644dd,0.4535805604972778
ck_2884bab237af16b7,0.008159234804474247
ck_231e6dd1fe708000,0.02173131299741024
ck_33ecaa7b892e73df,0.004697796726582219
ck_b109ec4c63503030,0.002518838668642802
ck_a7f522382509cef1,0.03021409007428706
ck_748b3ea941d8b3b9,0.04092622680905877
ck_29f3a1737a2d9634,0.02278976439682582
ck_cee8d42475a0f020,0.010467297096174914
ck_c6b6ebe145a8ffab,0.012107475383440203
ck_21c99e1d6b881894,0.008490228359336131
ck_5ad798286384484e,0.03053155770822865
ck_b621b6ffcc7f4848,0.005020344546638912
ck_ea819e337233475c,0.020890151357067413
ck_9e3896c2668ce06b,0.011772480835432067
ck_501dcf1ead036d2b,0.15411600255667907
ck_8d5eda29a2cffa3c,0.3547626572306462
ck_4d3aa36ff83f1132,0.09077982940722985
ck_8e9faf94e3e6c757,0.0031352315331552925
ck_ce0ec41f96951048,0.011641598421837415
ck_f09165d73ee903b1,0.022489383081037893
ck_a432b1bf1d3b3d5e,0.20191007017010337
ck_ea618f720ff0b4b0,0.03736618834608786
ck_7584e7bd755cb28a,0.016737172195963965
ck_e14681aad43e1a72,0.02076868416330485
ck_5e18870d8e30e379,0.006660043864644339
ck_ff7c26a62bda8089,0.0019070472458328374
ck_cc5a35175d381d5a,0.05919136302784376
ck_3c25029e40aa8a84,0.015406501022722606
ck_771247b5bc16c12a,0.002035593813995675
ck_664b5e02759f985a,0.002106663303859601
ck_692a9e8f504b9762,0.0007463394704906207
ck_df8ad2deb0a4ffed,0.004711726943084662
ck_eb48c0bcd12ea654,0.024196349370534137
ck_7c77e597c951cdad,0.003882537094701835
ck_4f75144c6f3b13ad,0.026090931260672606
ck_1bcff399166d7c43,0.008551447327542452
ck_975c2aa3d4a8c51a,0.009931577473223973
ck_bc6f07b06aaa4ce3,0.06830094279713067
ck_80b072b7f3c7e8e5,0.007232815664673131
ck_471e4018a23b4e56,0.036628833841186606
ck_53cddfba570b4a3b,0.012401652378852298
ck_630530e50764f229,0.003203737843075851
ck_dcef7887a4f1e435,0.032044360223574445
ck_2795921a055643f6,0.0038000620143700914
ck_7456df89f3792235,0.003279834442414243
ck_5014a3b07e1f049f,0.25319690664707156
ck_d4ec44760cbe03f4,0.017754939723269067
ck_96810ad39d4cb7b0,0.02242089852910333
ck_3222ea25aa29bfa6,0.004447610980335713
ck_f6c42001b84a10cb,0.30362846095240886
ck_5ac86682385c86b8,0.015538914934493027
ck_4280c33af57eb4f4,0.012016270594267303
ck_05f79ddd8eefaa56,0.011174465050966887
ck_3a57a13ce032a6fe,0.02479895583165693
ck_a721f0d635fad68a,0.012046508437614728
ck_a3f821bdf408c326,0.008127431148120786
ck_0ada63008be5685a,0.023256533750476382
ck_8c949bdc6e8720fa,0.06301987881423024
ck_c0d2c56f9c722e99,0.9945705590077851
ck_5d2b9e6e087b8dfc,0.99909957106665
ck_5217b55593a332ca,0.08261271202958695
ck_7a7bb9be5a7e48ad,0.0035875637947419656
ck_24cd0d779e866287,0.008558367561529317
ck_7367917891a63771,0.010248409353976543
ck_4b31a8862a857e6e,0.7540069367721554
ck_81429c4910ca46cd,0.005663775965731923
ck_b35d803568f82d9a,0.009692744845152037
ck_4b00e75c2d2d0522,0.007816007246514052
ck_77fced07f6dff42b,0.03102024580867679
ck_3c9a06eb07c300e4,0.004149897276054247
ck_b3867f7f494db64c,0.023478238386086217
ck_0c45e54897ab34e2,0.0114875554560868
ck_507a6a580ab55c76,0.05574683887423045
ck_291bffc7809f896a,0.01388475971012972
ck_3753cc5b9d02e2fd,0.002630876373741441
ck_4f63d5245b3ac1dd,0.007246715999982489
ck_9dfb2ae78659240a,0.030690996743151705
ck_90f6f5ced708aa75,0.012576578066658581
ck_8b5b5a6b5539e39b,0.5809683997049833
ck_4719112b55d20161,0.015085730089514375
ck_fec888a7108ca52d,0.9747162537226356
ck_4f5d022c99f118b7,0.051114669122518
ck_e967ff05514b697b,0.1148222130249063
ck_839ce35819bfa4fc,0.0019617195859049836
ck_bdee1221b9addff8,0.002315933723032666
ck_9cde4036d0914427,0.011716744611373392
ck_5ac959cbcc5e98f3,0.0028801211943475296
ck_619842688294dabc,0.005716941227449669
ck_7373d7b04c7799bd,0.02753423363866256
ck_c1dd3feb9a0b6471,0.014683881745383112
ck_0324a4812ec319c6,0.006966326035834099
ck_7f3685aa2933b251,0.0468299687702374
ck_06aee5a62a67a84c,0.07504000416347995
ck_3428910b44b9d08f,0.09525247036056679
ck_c3ba7534cefc1de8,0.018237199618566968
ck_1f1273a67cbad5e5,0.09259404369611707
ck_124565a11b2f8bb8,0.007191797047980257
ck_38e46bc861e0165b,0.009390895356905236
ck_c8ad3f01319c065e,0.02278976439682582
ck_3f94a34f5038f7c1,0.07366637845732382
ck_cee56be5a502fbd1,0.18529305580814862
ck_2b90b76cf4d162f9,0.010606804776117142
ck_884b2e463ff1d54f,0.0312833353864937
ck_fab4f2f8531b4827,0.013153579593672736
ck_4fc6256e0e60a926,0.13649635320635697
ck_0a2f8b2f8a5b6f02,0.0067210251389389145
ck_9c0deab8a8367c5e,0.0016441366588095137
ck_d3a2a4c011fa2554,0.06241361882985602
ck_4108b4038f762817,0.0242479193302118
ck_4df036e2aa7e1056,0.005242264655527284
ck_ec094eb1cbb3efc5,0.008069789731988361
ck_09f8f51bfd2492c6,0.013574597319732162
ck_b60fb9a10d6f4489,0.10351665864223242
ck_3638bc3388dbc1bc,0.1808202616440946
ck_7a58e0cc9943c39a,0.0227052342951516
ck_37dab6a0a536ed49,0.0959761466473128
ck_adc576690df5b33b,0.006345112331851579
ck_1383b2b1875000f2,0.015104562577439104
ck_43c1248db37a2eb0,0.004997413497767667
ck_29c11bd68858e923,0.007364154176522484
ck_9401f9e11f65337d,0.013338664088486206
ck_ce5ed372b1a2ed6b,0.018717416899877597
ck_08b4619490e751a8,0.9447728730422269
ck_44b9125526acb05d,0.015613067543241016
ck_ef1a1de20d2124cb,0.028801546471036527
ck_e5e2624b7fc89774,0.050593480868405455
ck_f5100511609b92c0,0.003519860023981146
ck_64f3bb17101b7c42,0.007623301570136094
ck_ea1e5b5128ecba2c,0.0196021294061183
ck_516163fcf04d5e77,0.014456564780120534
ck_7f9a748110d70005,0.023092850561325793
ck_d263b55f0a681cce,0.03382228541306032
ck_0e962eacf98a813e,0.0024218981294596154
ck_0406931800e0e2e6,0.044982794871846754
ck_0e9b982afc88a3a9,0.9961827813892837
ck_8bbb625384edebd7,0.017515107237656664
ck_5eaeb87bf6207406,0.9775984023677975
ck_cc3318839c4b0745,0.008853831098468688
ck_08a0355d1f1890ef,0.0014836549779605438
ck_af7ffd1a822460d3,0.38555314962757037
ck_2a09c7aa870edb6b,0.008862151267935376
ck_bc04f51c23290bcc,0.04967230473942172
ck_d3a8333cb389f4c6,0.02593225251656612
ck_88e3dd3039508332,0.019332473814064177
ck_b8c7771de9b57705,0.12310433721436674
ck_585ababa02383b50,0.003459960712365893
ck_e988c108754cee9c,0.005115429902275816
ck_4a691892d9d6cf89,0.009521581459527017
ck_7cdce37d895eefb8,0.015201636236019984
ck_483fb981a1fb4317,0.004113345926788578
ck_c1e5182bd99e0e35,0.08837100878516138
ck_9a1e3ec9a1839939,0.007317995457049904
ck_5c3f13de0dbd5086,0.031483145270047704
ck_f4f6f0caaab70040,0.035857925240749176
ck_791be3378dd7d64c,0.008622074386863183
ck_956dd784525f5886,0.021290892955678854
ck_098167eaf124c279,0.039176040280287955
ck_33ecff7914349ebc,0.0072180378861614845
ck_e05d44e46c7174e6,0.006056258794094313
ck_1b2ce474fa6582b4,0.05929922281140742
ck_ab581082e8f72e3d,0.005534740866825796
ck_e63256667aa19070,0.01884030200378489
ck_f568772b6cb3febe,0.03551944205792471
ck_dd89a282375bbab6,0.1094188390701397
ck_a39d0bca345b492d,0.036827933128937444
ck_d12d2924d0f7a64a,0.002922630178432977
ck_6a548da1728b5823,0.9896685270540378
ck_6d64193681d2a94f,0.03704492587625201
ck_ced6b6dcdc7c201a,0.002987534374733307
ck_d1b0699d26282871,0.009506305196834349
ck_58f757e40a9b8877,0.10610240474237453
ck_3272c2c4a37d5220,0.12752963858371152
ck_d94dfde9e03c9d1a,0.017989280556666654
ck_08a6d4903a7fbaca,0.013420165592499218
ck_6c72a36b05fa0f4c,0.03491235094750493
ck_dbb4bd4eda97255d,0.016898752834875762
ck_94b59bbc824b307a,0.019136784788699762
ck_0229a07185f15469,0.020153974995876678
ck_11bf1039f8b3025b,0.05466374709251781
ck_36789ca11459131e,0.015139512437810648
ck_8572c5f5c1447c62,0.05294613724829555
ck_9e75c6641939f4fc,0.06856228394863399
ck_b45e47c39d4dc7bf,0.024039925937739345
ck_02903c48b6cfd65d,0.06099247200278729
ck_b153386f1729de81,0.025033736306895777
ck_36979996f33498f7,0.36605067442361405
ck_3c02d4dbbf6716b6,0.008745404984612834
ck_66c9a19963957531,0.05801723738560654
ck_bae8dae7cfd8baba,0.007867626999136013
ck_bba0ccc6cd968680,0.06464073659060013
ck_3267fe3aac05c71e,0.03479623561617625
ck_40052cac10562cde,0.018072134675908007
ck_d973444855403e2a,0.009156760278357814
ck_012519bb095ad36b,0.9988846471601116
ck_ad7c256ea10c4a00,0.21165967737730904
ck_70a60e095e9b706f,0.007421882366313992
ck_f2734417c0db4ee3,0.009227264048864935
ck_9cb89cc3178e0172,0.007646575673534434
ck_779cc0f2de4d5488,0.3262344457412911
ck_35f8656bf93e3b3d,0.007975994381983077
ck_bdd8eba728800e29,0.036303803460003316
ck_002cf760d173f0f8,0.008584229770073644
ck_b046067c6ca3831e,0.041730748254696325
ck_a4a42d4bff8af645,0.010363844992013229
ck_bce253d2396681a1,0.0033096823707297668
ck_00dafc060c8de32a,0.007773224946975386
ck_968a99e097ee78c9,0.09814719978932958
ck_66949171b387bb93,0.012159296285291759
ck_ad305286702b1958,0.0035832512235748457
ck_4732da7e0d2dfc7c,0.00918239271079305
ck_17a95bba77217d85,0.02278976439682582
ck_3e2516a3e35067e0,0.01535701472807127
ck_0b615ed566da1f58,0.014948310376579729
ck_d2b3ce1ebabe9f93,0.026853977970127372
ck_a892252e4e0c2828,0.011035966250244939
ck_cf606fd6ebfdf9bc,0.05062022688854018
ck_718865237134ebe8,0.03231998488267677
ck_878522cb775b904c,0.11112826935204534
ck_9ed53de6ef779ae0,0.02146297700663895
ck_3f16e2cd7e6874cc,0.041478472458069744
ck_3c59df37895ead2d,0.005663775965731923
ck_6821459b626d492c,0.01201013625833699
ck_11c7667920541587,0.009306792899647677
ck_23a016cf6b98d89c,0.02278976439682582
ck_7137eeb394d200f1,0.02725956634973995
ck_9c4886c5c90ddbdc,0.02371339635069064
ck_1422a7bf7756294d,0.9892256040749924
ck_7ebc5fa7f0d3b8f2,0.005651829806994447
ck_fcc2059a8d5c41fa,0.10826951539732692
ck_00ff7389d6a83e29,0.08656254332655346
ck_03129b41457795d2,0.03126062797795164
ck_38ba64efa7c38250,0.021829487422332886
ck_57a6b56b09bff24e,0.0049137931264542625
ck_e3b3c5a80a567418,0.009355555065762336
ck_fc40a16adfced018,0.009463795111176123
ck_9d4b5e6b43bad4d8,0.024571254778129662
ck_61129937ee466b49,0.04289983828944985
ck_74112e47b8629c2a,0.05518895365622265
ck_b4703ee97f94d7fb,0.006138520688953004
ck_e560f720a988d8a2,0.11988537314320678
ck_708fea345f68037e,0.005456922135696277
ck_25394c1b83e0b803,0.21603818830468904
ck_17ab24fe914ae44b,0.011018173166210714
ck_16c501470d9bb006,0.009328848340545527
ck_628f449e248c19b7,0.03303305489850817
ck_6d64190623dea714,0.0013336078981956974
ck_504a45ee08db72b6,0.007028439553962782
ck_6cbb011e0c70bc7c,0.002731869608427062
ck_b3225a98acd04f83,0.004418186043303442
ck_aa37993f1c17cd1e,0.04441277948157728
ck_558cfe5f77a55a9d,0.008601212956419841
ck_0d0a1a021efea5b6,0.01070871946472836
ck_daf7aea023b7a8f6,0.025583597595181425
ck_d75f25184ece2b51,0.015691470009777247
ck_466d4b5366c50b98,0.01939823706773002
ck_88f27ab479063852,0.005303371068439066
ck_66779098e78c1760,0.032194452425517675
ck_b150fe4efb449b05,0.0220907856143851
ck_9c3aa9f23d01fa1c,0.04793635104549103
ck_6a01c375fc26705a,0.010679818138970442
ck_002eb6552b504ea1,0.12335672029517589
ck_affa5aa0bff9bb0c,0.04809035515841894
ck_027614eeba8b1a4b,0.006486023921193254
ck_67e075c982add719,0.0025043790248713794
ck_399b0d510be98bd2,0.010465626051065276
ck_e9b0bca7368555ef,0.014481194564750227
ck_59c29d9c57b4f994,0.09573720891159362
ck_37176850ed68831e,0.007596052210143283
ck_a0db4ccca08030c3,0.16775113125272165
ck_aa188e5c25f7f42a,0.011718158746133198
ck_7de6997178207800,0.008133444606689919
ck_c729d19053387be9,0.08419004756934721
ck_f2d3e3d90608596d,0.24796060287171295
ck_2db3fb565e0211ee,0.020112662873888756
ck_bed8a480e27e911e,0.005144543859681801
ck_d7ad9921a4d25926,0.039988008703320685
ck_2a59f23fc5194699,0.2938139622198714
ck_63601a58a6120d8a,0.0033040459484445298
ck_efd7b9e22c6317d6,0.006983484085724133
ck_9ab42875a0f95b43,0.051526350572378345
ck_85cb5033fca7c846,0.02171965221763949
ck_5249b223000915ec,0.010118515775033476
ck_3efb0e9bf25612c7,0.0174184699713322
ck_678e74532ac19700,0.00758135352679449
ck_a980b296c95153f9,0.0013580899623904991
ck_01ac687ce0d696a7,0.00571065108423403
ck_52e1418cf1aa9871,0.0047131848716055426
ck_7d28da4f1dab09ee,0.037859638707127205
ck_010d0c2e6c1657fd,0.029563102592085142
ck_b524f7a2e752b9d0,0.0024592502004543624
ck_cc447fcc24a0772b,0.04162985676371092
ck_2cb3c99845e572da,0.0038334625935060396
ck_604c710141327a81,0.00122602559965499
ck_8d5fa65717d2e0c6,0.007945173839697428
ck_31199510b40602a1,0.0036259499826155413
ck_49e253ea12f4e922,0.021358349317507092
ck_780738e0d71e7e43,0.022088695635947748
ck_2cd21137a07fdd7d,0.0026836569347215298
ck_5e021f2a3b66e256,0.03431074790219577
ck_efbc79246e32c66a,0.022425319758876343
ck_9951bd806c13c7fd,0.030490807347233934
ck_7a52674e2806d8f5,0.05175730788922739
ck_1a319e509f1efa1a,0.006759072970549008
ck_c920901b9a4ba993,0.6337917442688286
ck_b71279e807d0b3a7,0.004185073090309725
ck_47e1032f490bb018,0.0175316309625489
ck_192579ecdca7ff83,0.02098848694106557
ck_b1496c474c4a3239,0.007478610453493521
ck_5e68ea2c5e893cf0,0.02629847446907826
ck_f2ecab85d4693b4e,0.4397473202590459
ck_89d7bfc81c3df597,0.004981257611706207
ck_7929284327667791,0.07159878726151385
ck_494ec63c5ce8e150,0.0029656431964969455
ck_319b059bb2145586,0.020922472714088067
ck_ccb3767c239018c1,0.02969346257290098
ck_a1c7adfe26e09a8c,0.056043080362934435
ck_0e13c4f73818149b,0.024790480906391507
ck_c285a51ed6214f52,0.025006214995502287
ck_916784595f028226,0.15292775989232235
ck_6cd8e0196365c474,0.11606073962050398
ck_57b657aba4daffde,0.022105451891290283
ck_562c76a3753fc7da,0.6540357748210406
ck_66cfc1ebc9a513c8,0.005610194379878538
ck_0f38d4aed68d7d24,0.008331997485556459
ck_d8ddf5e99f7859e4,0.04690627274454372
ck_41bc3efa0fca700e,0.02208449061366521
ck_40799e129fcf42c5,0.11624995700508459
ck_786f079389126e44,0.060838058972679084
ck_bb4c6b713eb0b978,0.026281186615761266
ck_4f01f7eac0efaba5,0.016071457165724216
ck_47d29c01b20cf69f,0.005248244623872437
ck_bf15a1f8d67a30d3,0.020844947866722086
ck_bfecad7586f65e4d,0.03916903456714778
ck_fc9f16df35190eb4,0.5354912407120245
ck_c09c914e416edd08,0.18428378890152916
ck_c54c5d8e4433b0f2,0.007424189915899716
ck_1694c28f44480e98,0.06697618238756743
ck_1dcaa3078dbb7571,0.0328510780497278
ck_af559f990c640e41,0.00642165139746859
ck_9b436162039a77d0,0.029174096460051695
ck_79d62ef181bd0cd8,0.007612252606493619
ck_23caafc2cd34242c,0.006953010961845802
ck_ffe2aa26f597e552,0.010912717979294056
ck_e6ffd0754ac08661,0.00495377687766916
ck_beaacb4a783db21f,0.015860236051235453
ck_9863bff41d24ce9b,0.0034886355822602044
ck_323b9cc5c49f8ea0,0.03726974580547345
ck_ab3de3d3e41c2082,0.03796414261160329
ck_35c93b2924900376,0.005061212677694585
ck_5a9d5f9901e37e31,0.042490407206038694
ck_782b0be796164335,0.03144285843015659
ck_11960b5f1c7a5e2c,0.005846612973899791
ck_9a66cb13a9884cc2,0.007790226700730032
ck_ba666a425930615a,0.008069515511138896
ck_40140bef4db73741,0.0015615680130201559
ck_e05e91cc180063d4,0.08933624259906361
ck_c7f6f45710bc050f,0.022743641963531104
ck_055fb9f2e1c8c934,0.10904052219653959
ck_58bb02d98e2b9cd5,0.011798286554560581
ck_d9f8efa6a7800f76,0.11937002669849886
ck_69691226c68fd50b,0.329293058673243
ck_6f2f0396e5b1c538,0.9985503253384295
ck_78bc3f1d0f35ea6c,0.01757685727552089
ck_2d5a6b6636a2596b,0.022861938947264366
ck_7878545739af0a73,0.0030409949648574673
ck_03c4fa4f3ed3512e,0.007270279110560843
ck_1a9e51d092d62c84,0.20974648819202288
ck_9f3861940d8d873c,0.02462240518007148
ck_4684fdd61c6a0fac,0.005024749878258074
ck_715966f86d5c913d,0.012730586463714473
ck_77f293d44b4a3d2e,0.03250920007780766
ck_24dae044dc05f849,0.048261508059935614
ck_00b9818e2064405e,0.10560509794466587
ck_c1c2cb49c3c1b0f5,0.12369194326576827
ck_bed50fc64fbbf8ec,0.0046135786091078155
ck_4f6ed5ea5ab7c429,0.02567746184942951
ck_458531c22ec2f9b3,0.018537222675688237
ck_51c50c4c443df31a,0.23754684338881332
ck_732d45bd578dc39d,0.005087048131077531
ck_783fe5bc20cd02db,0.0851843178639703
ck_7f188aaa63d1d442,0.012130960378444761
ck_ef307a6aee38d1fe,0.4694321116054811
ck_e37196b20968b73c,0.02278976439682582
ck_4ef9de711c3d93b1,0.04869792840657212
ck_17946516d5df71d7,0.15586068021491392
ck_3534be0f4efd313c,0.01411282681387438
ck_29fbabf855cabdff,0.011937225389817455
ck_191673540d8486af,0.05812536295531642
ck_5f52728d777ff2c5,0.013990080030550354
ck_a045a19369016818,0.9967353355013746
ck_4eadbe7298b15e96,0.03132206066872133
ck_a3a0bd59729fe619,0.005889253585902976
ck_a1e77090b1c6ccf4,0.09141821322656205
ck_69ab9d4784eb77bd,0.021042729772935857
ck_baa47383ffd50f04,0.004232991511418761
ck_e35b2ed08b9e55a7,0.011312247157686727
ck_b6e3af0a5119d9a0,0.11088996982456291
ck_a7c1dabf3869772f,0.04412290380447759
ck_80b8fca67a14e0be,0.09650328130829945
ck_dd9c5f0c42878e67,0.010382951047146404
ck_41ef7967faf5ce82,0.004067278161158401
ck_a93560aa348d6225,0.11547624371966822
ck_ffe91d6f0bd93fc6,0.13090364765233176
ck_fbf630c960194033,0.3797765885135596
ck_497ed60723283c0b,0.24679885339797705
ck_2a46b7ca55239413,0.006127377608481283
ck_1a4e5ace078dd782,0.05536624466502703
ck_616cc31910f5de50,0.00876635198173887
ck_0d65bc749eb42710,0.02243163175092956
ck_2408db62e4395ccd,0.00730664478258078
ck_5d7721930106dce8,0.009393253306526126
ck_e8a6acea22b20312,0.09149088820932125
ck_e2f792fae128b18e,0.13212102497747208
ck_e6d3ce445b86003f,0.01215478248790133
ck_263334d722ecbc97,0.185791263755513
ck_8c5b29f6666d4874,0.02278976439682582
ck_7ea0bf310fc20c7b,0.02122501074094554
ck_54d463f7fd89ec3d,0.04121523304380764
ck_79e45040dbdd6447,0.07429623919721053
ck_60b4d59953505682,0.5372988539342086
ck_fb00dd5021642507,0.004423250624456128
ck_f409ff994a210601,0.015814526335418407
ck_2ca0020038bfec58,0.6316410610955395
ck_adf84b9df54c3d80,0.03414762736444826
ck_942dbf632591b65d,0.038522618366850184
ck_454a7e4d859a3409,0.01417444885839042
ck_2139062d4569aa07,0.06334021848299509
ck_e949a0f4df0b3902,0.028878877656583445
ck_bb113e3e6716ed65,0.01444549686451359
ck_6a28ea6ce69cb869,0.02333770037923032
ck_7df9910af2bba21b,0.003638559173735828
ck_78aa4b731cbfe251,0.004554121415663345
ck_5839f5cbd8165b1e,0.006286534208433062
ck_7158ad9e58769ffa,0.0745296452312921
ck_acee218cbe61df69,0.049289235554072774
ck_f8dc8473c2772729,0.1555685220630138
ck_f34c93a8173555b1,0.11231568259112112
ck_7cf301d075e4e709,0.06112109372640975
ck_b87e88ee5512ea17,0.0016183413912075045
ck_bed0c020b10afa3b,0.009017392004869854
ck_ca10102961f99eb4,0.002762961797283692
ck_393287947b5c8d79,0.012703930451857214
ck_2fe6cac002142f67,0.02932044150766104
ck_79c7f0d29b1db1cd,0.02422553323830957
ck_c735b643d3cbf67b,0.0015121627620917374
ck_ea4332c8fe48e2a3,0.0032760329664473973
ck_d39864119cdd460f,0.012355092130310684
ck_3b963d6be2773861,0.07029174306846431
ck_df39e3b8a9fd0bfd,0.12831787060885333
ck_6236a461dc0d11a3,0.0633910791813729
ck_475ebccca25e30d1,0.01180601536910788
ck_c10c8bcf5bcd516e,0.13951228126189047
ck_49ccc3716a564256,0.0030697907949462904
ck_4e4f99102f6938cf,0.004822723478205405
ck_a97b481ade6f7972,0.060021993261721154
ck_3fa559c679751b3a,0.02269039743869233
ck_3eba1fd2c7acc4c0,0.09013010200249737
ck_18c179b4afc4fccc,0.0018009226721879058
ck_cc1c0b93d05b7d20,0.073295906826833
ck_742f7c28ddd019e8,0.013054429291598899
ck_04470bc93b8a0d71,0.004624879631141237
ck_6e8f8ef7a03cc6bf,0.014311760724221892
ck_eb1ddfc353b4da83,0.020599334703132997
ck_98831b57c7ca2e4f,0.006354747027618262
ck_a6c7b8d6e8596d4f,0.013925422268152455
ck_cd7d24e3b095e96e,0.1438576257662413
ck_3f5ae4673a9f858e,0.08661805096260004
ck_05f375fc8ae0afb0,0.013150131003661927
ck_1fc98436281ee39e,0.010698834372260518
ck_6c48c58678f64bae,0.0034860689892838794
ck_8c95aeec6a4c75b0,0.004319155643857997
ck_364cde38958b7af3,0.05489108849166349
ck_85bf21aa1a00452f,0.0007551794159370614
ck_796d3eaabc667c23,0.9952437510462195
ck_ac449ee0c315edde,0.010105792969790073
ck_6f9fd15ac6b163de,0.005329289086404145
ck_4087065be2a45ad7,0.029436966114311073
ck_ecf006bbc78ee3eb,0.1360720568303494
ck_8ca808cc5a49cb5c,0.020196298238490597
ck_94b90ab8b2dfb50f,0.02278976439682582
ck_59fd11b3232de9dc,0.6894232189180886
ck_67f3794d93e2dd67,0.12193300832518965
ck_b7f5acf5df1bb13e,0.010606804776117142
ck_fb04ecbaebb774bd,0.0016159257869776654
ck_68ef3e7301c621b7,0.04606842804309867
ck_41406cfa209b6bda,0.013753443717959637
ck_b0f8f5408662337b,0.0016494695376277832
ck_0d2901bfe585c391,0.02327048483252274
ck_3398551e81dbf3db,0.09435036686776424
ck_61c3e3e277629646,0.019822491830558297
ck_2825e34dd3e7ea2a,0.0037949901703017482
ck_20d7571ba830009d,0.056160445669046405
ck_c98b16f9a72a6568,0.0022099311253942094
ck_e7c8a9e4641eb9ed,0.0025035388930921844
ck_254a7c97c36dab8d,0.003818061139302025
ck_e98429675b46272b,0.005663775965731923
ck_c2fc0ac460786d02,0.05971079207691368
ck_fba15647b3a140d9,0.013036066977644154
ck_15ce50f2704227be,0.013967985025553081
ck_8c748aaa4a4554f9,0.02248249961588949
ck_e00e82a9419ff086,0.024109981587529552
ck_832341c98254bd84,0.02233785481818734
ck_27466468d06db4eb,0.07394714085733665
ck_9d7b9e3ff1f3e71e,0.011844967982142199
ck_42c6973d3a6fe983,0.004890372420605082
ck_877c85bad118bc62,0.037583942172203726
ck_75d2a2715259c4d7,0.02344939202663128
ck_37d3e5c681a2214d,0.25188825605634635
ck_bf285dd49f372de4,0.014291409622260305
ck_a5bdd026fa9c50fd,0.00868708388103453
ck_88d9244a9cf7a77e,0.6356197263531531
ck_5881b174e49b04ee,0.06542256317421732
ck_5b16d67c5ea89930,0.015119751780471568
ck_b75b936aafac56b9,0.00701175469847721
ck_aed2681e1646a0df,0.029877947213023198
ck_f63cb5e8cc702bad,0.004727343168659484
ck_1805fcfc4a9e4ffa,0.7340853776811598
ck_25c355da356c730d,0.01883729876708216
ck_70396398e4a96449,0.010207965288646682
ck_0f743bd13373748e,0.02278976439682582
ck_4b387765f0e916cd,0.004745288495292351
ck_e971faae8a10a260,0.006114471992040632
ck_9eb08369e983abfa,0.0035189456376770426
ck_c30c5844512e429f,0.03517225211833765
ck_59e77e3a81f1fa0d,0.026010954807830427
ck_ca4465f2b5c1a52e,0.9296828486416497
ck_c89b9ca398402f1e,0.012886005095697931
ck_36e72ef9273e7a95,0.011183819046687193
ck_2bdd8616870e5e1c,0.0028006619849710477
ck_216e87a41de22b5d,0.17792884885120064
ck_60f4fb44f5efe3a0,0.04180410788572974
ck_05652e8ace6ce6cb,0.0033124417742952414
ck_8c136dc691e65695,0.00045893153795491113
ck_a08f8dfadbdca112,0.006562376904338625
ck_bda4041a3e90d860,0.01203900549761324
ck_15dd3ecaa8ce0245,0.7295873402651128
ck_3e3c64b3b7876ce6,0.019829671160776458
ck_46225858a38b2e57,0.012716106458427004
ck_0cb9f54928f4feee,0.019386106457218187
ck_152671fbf8a9a78e,0.05338510650124064
ck_ee7a515e87d17d4e,0.039900367086181956
ck_f7276091bf513d22,0.0035825213778625147
ck_4f05daf1cf0d5755,0.010091141300245205
ck_83a69c4a5d55ef19,0.04522908156308163
ck_c50fed2a7c9198c0,0.008517045308877511
ck_70d19d5650ddc8f5,0.0024282596014569267
ck_4b4d99e443618904,0.03846038917539766
ck_dca0b6ca93311ca2,0.09671705616008616
ck_b7431d4706461ec6,0.0030784133422556855
ck_7b59d22cadef3b05,0.04541846178939693
ck_53428573abcd606f,0.013810803165692463
ck_f538ab6aecf2adfd,0.0013533628820103327
ck_d321249fb065d2fa,0.09443592616153858
ck_72fdfc7e6d8e1436,0.05496508034955244
ck_b52b99dad89ecdfb,0.016690414802706402
ck_d2d4282f9d256b3e,0.02857647445441542
ck_c8f2a1dd8a6141a4,0.00920050956814936
ck_8d38747058d0aeea,0.4311715639563398
ck_3ac528caac74f563,0.002228529656470602
ck_8dbaaa00ad829ca9,0.015856335257410568
ck_7c38ec898f0fc21d,0.07554694816752351
ck_8171ef803f5ff604,0.016868684713076117
ck_01a750db6fc1168a,0.05380744311531827
ck_ceb017baa26e98c8,0.0375631165023834
ck_e2c66c72cc0b0f78,0.09707150089144455
ck_8d9518f64b222416,0.04670607848629026
ck_804c5a1fa5753617,0.17841234479948564
ck_fca7cc9c42695453,0.025714786527240387
ck_3a632cdf2c19051b,0.0369040338478457
ck_b2b63ea65edf1dde,0.0257326434362379
ck_27b07021500ee841,0.023088409212091834
ck_9724718fe64c6557,0.9423348627107144
ck_2786cbc3e75ec034,0.01982945429275004
ck_d9c2622cb6df380b,0.002849556675804466
ck_ae1da8ee98e402a4,0.001810262014153667
ck_62967b91504149f9,0.056246924409544
ck_6b255bf68709109a,0.14493077157848314
ck_c55afc68421d85e2,0.007318024495965149
ck_7c7266f6ef2a8466,0.03146628110553786
ck_885cf685a9541190,0.7958675111708835
ck_1a4bb7d3d2ee3227,0.0024826509159339553
ck_b4911c42f3bff740,0.013505454991256499
ck_66f9f78d4c6a3edb,0.033929970169112124
ck_49bdba9ee1899dfe,0.030246196258046316
ck_79b235d51718435d,0.007574695320078341
ck_d840db8cfe2ef6f1,0.00044067787495055227
ck_610c7bcc1cd7ecb0,0.010569623143736433
ck_cf49b6544aff6c50,0.1507869238990442
ck_de05f97c3d40dd1b,0.010303892408657167
ck_0302f67d75973dce,0.014408112126699534
ck_54c2604c9ca6256b,0.033529636287145975
ck_a1c88c0568f142d0,0.02636435061184979
ck_5d72ff6cc2963d1a,0.01612631143565052
ck_0446920a1004c596,0.016954076128421324
ck_71044c29ef071570,0.0024377129369743057
ck_2122e9bb1afffef7,0.03009670160071083
ck_d1e3de178601d3c2,0.00928472076183512
ck_bec8324a3587ef04,0.02541226078652118
ck_b616b6f45225f319,0.05091506798355928
ck_ce1e695884511479,0.006521368860936604
ck_a662b4bf900781e4,0.005620368707703679
ck_b5a84c5547378c10,0.008935898186853192
ck_f80af368cfc6cb7e,0.11407465934609537
ck_da3526ab6c5c884a,0.08183202404772863
ck_bd20be9a3392d79b,0.0050312256196673785
ck_b8266dcd90cbfa62,0.005663775965731923
ck_ac84b33304362c06,0.009852199106155821
ck_794d8935a895e33f,0.029332873642077727
ck_8fea7d915259f1be,0.04900803167015527
ck_7a1519ad5ff45312,0.0018636731301409106
ck_9bf3ce30b65f75c7,0.05091741184402835
ck_5f864d72d1eead99,0.11189961093504405
ck_3c48e0cfc2a58041,0.25964917797005677
ck_d902183f80cc81fa,0.04292910979658695
ck_539cb0d117db8cd3,0.25171491880134
ck_28f530aec8e77130,0.038679001530562904
ck_e7d903c50d353361,0.0038494864779526207
ck_d288b77d1e227970,0.02194782966653877
ck_017208fcc01b5d40,0.0074032843586986545
ck_7e3923d278a5106e,0.005425450801961712
ck_9700a00ff9e66216,0.02341968022783807
ck_5c36c78b7a4d138c,0.05595238459516724
ck_c457e9c9224b773d,0.009719967884351022
ck_1dfa91405d7e66bc,0.01631993351631889
ck_f1d8a2695a575e56,0.03045127107594214
ck_3b92a46daf8d00d2,0.02149836310645118
ck_aab23b5470469649,0.017319776888876766
ck_ecdd01a391610d99,0.05300012459166285
ck_abd3aa292f8edb4d,0.04425538632282278
ck_7fc9a0776e1339e3,0.0006724961280222239
ck_c0389ebeb0e65cb8,0.0009840234049838523
ck_48d0fc4f6a2109fa,0.987727699404659
ck_571dee4f3336c7ce,0.01866505964368101
ck_4cedf26628c84f26,0.007834211391212684
ck_63356762d24aab81,0.0405842914295977
ck_2c5bc11bb7ae5d2c,0.8365977797883531
ck_6d26a152f900fee8,0.017379780936700596
ck_c972b0e781efed3b,0.0292178885980399
ck_fa0ecbcf9a33d6ce,0.014918596207923298
ck_fa3a766e49dc77ae,0.011948856142545108
ck_7baf1e55db0dc558,0.009198982269650748
ck_e8bc49e6494c1f37,0.018781019225224627
ck_8ef1d05cc1e53e7e,0.020036687695903287
ck_cef2a485a77e0723,0.004976608727304731
ck_228a583f23abff48,0.020717764870787306
ck_ac32c6e374782b27,0.07444478556788085
ck_b9485218cef413f0,0.0296916879048767
ck_7f15503048915d6f,0.004039482517173884
ck_b62f5144db15ad34,0.015700392817349543
ck_917d82c552f95a23,0.028148090089324188
ck_fb4797045077bc6d,0.02200458147586754
ck_2cf8a44e041217de,0.4185525550668716
ck_b7dd681eb3d2ee38,0.0033244700333924146
ck_e9e8cacd2fa35e79,0.02782194487773587
ck_342a79f91de5d1fa,0.02278976439682582
ck_2c91f62c05685ed7,0.012986800505817932
ck_e30cb64302939f38,0.014882736414394797
ck_d0e95b90ba86da10,0.007853617805274672
ck_1774faf414a5d49d,0.34142725885280956
ck_2401e8ff89e574fd,0.2079205006225735
ck_0cd8802264e0a1ef,0.01600256660811664
ck_da84a0dfe947fd3c,0.1573558420312415
ck_c8affb27ba7fb5db,0.06401247621748035
ck_bc7ece8787ca7200,0.012294467810957574
ck_469a0578d05990c2,0.005663775965731923
ck_eef67f8dea702338,0.0501294004065995
ck_4f490e379e9ded9a,0.008256700729058169
ck_354379de065a8ff8,0.0008460842614289585
ck_5db1cb368bc41ac3,0.015356862386479323
ck_9b1c3742dd6fcb8b,0.01737294827810729
ck_63ce4f44c92d7143,0.013860442314963322
ck_e15e3390f5ed45f3,0.00505397721271465
ck_da645ea91d66aa6f,0.21685274407700494
ck_834ca727df855f07,0.025901727450883878
ck_e1d5ad20c737c745,0.03296810522872603
ck_ff8059ae5fa5f1ee,0.00138322088190001
ck_8bb9e75393954a1f,0.016896683499833545
ck_4e1757d1347ab387,0.9875712371337853
ck_af3f74b1d75a5d95,0.009290403542516824
ck_6b1ab0742ff04c3e,0.028020538287934594
ck_f56073911c9f1ab7,0.020671052601502933
ck_51bd5f69b4fe0b92,0.48017351924900886
ck_fc3d95030b81f416,0.0005148823894561629
ck_cf78169633a1600f,0.004591035156493718
ck_ad7269eaa65c67f9,0.006421844251004195
ck_cc6d33890d47a6cf,0.02263504613701879
ck_bc8f31f4a2ffa1ae,0.0018990260358455221
ck_720776a46e56dfa8,0.016683042364349955
ck_e2d1f212f259539b,0.015814125140420146
ck_eaf6f7082c3db2bf,0.026103670214263013
ck_773efe58c6278c3c,0.04963453052909902
ck_c4a72c09f2fdacc4,0.012894654371444833
ck_8982888dd6611143,0.014254859183612297
ck_9d5049e195eda029,0.030621395541487444
ck_de58ef6f9fe2b546,0.013631138855923094
ck_c0b50c11e4f5adf7,0.023880890988431068
ck_ddaf228487858bb8,0.0473812648135366
ck_eb2323215ff70362,0.06059736961659535
ck_168c96a1a636ea15,0.012481546313936484
ck_9c46711b14d9eebc,0.019507996400730823
ck_de8af660806b97b5,0.012448165165529977
ck_6ab83f45bf16eaa6,0.041737012337366854
ck_bf2228a052815840,0.030582012093511503
ck_3f943f20a9da9bff,0.0035938297918450836
ck_3baae40454c00938,0.01156794233793312
ck_bc2e771a1d8d2dee,0.04382992168593589
ck_e55f5ca37f30ce8c,0.02032737487344483
ck_4ad5937bef176d89,0.017363658723339965
ck_126531a9126c17c4,0.009386356522059514
ck_7ec423cb56257516,0.008859299368474502
ck_54748ae0f2daaf10,0.005505941612414604
ck_ff24776280ceeeed,0.03287747398412512
ck_3c3a1a1365741bba,0.026548842103750688
ck_615277c8a4e2b18b,0.005053241844226888
ck_a96aaef34173aee6,0.03656517123379714
ck_bea56db7f3e930e8,0.01614733743682993
ck_ca491debd3b32a59,0.02525351547160653
ck_d9ea77f4114a389c,0.020157615962077186
ck_322ffda3332d08a2,0.01760143568379311
ck_c40ffefe4e30b001,0.02318098509060065
ck_3b1d7648d4580bef,0.034031395666783926
ck_23981a3261674131,0.009686368349290988
ck_11667f5b9fac7bc7,0.0040180349876800065
ck_646bb3c7be5f0817,0.08598207135392712
ck_ebd0a45712dcf07a,0.039418071332361145
ck_baf43bf1bd963f9f,0.01803104477451883
ck_e0ca2c819658f6b6,0.9977016744492291
ck_f0d6633d0834fff5,0.015367593519313737
ck_91081be0254878a5,0.09310351767908716
ck_1325000bc7f35b5e,0.01574152391904428
ck_c624b9063400fa3a,0.13441577315190822
ck_0ad6fa0e23c3bd0a,0.2016848447900457
ck_6ddb55b1f23c6cb1,0.020665328370748522
ck_dce1fb3acd65562f,0.0016764781068619224
ck_a9aa389688ee5aea,0.013242475205149222
ck_5c5284c45d9ad8bf,0.036401204505931754
ck_9ce743dd3e92549c,0.02754774132155169
ck_8342e08cc2f9bcb7,0.003057717690934266
ck_25e551a0a8d2fcc2,0.0456029752604971
ck_d4fd0e438c97e0c7,0.06674779469216668
ck_ac7fe1c344190c50,0.003605363915761033
ck_ddd65711b5651f89,0.0069243849407398025
ck_ec7406cb5cbc8f10,0.03537465168895234
ck_1c65e8d5be3b9c60,0.27134405986618015
ck_38ee42f15a573e81,0.007030375126494491
ck_0e5385c70c6de025,0.026001906133500913
ck_d3137f0f7629040b,0.0032178975758052177
ck_9129c92c12e0c8b4,0.015413787768974101
ck_c86520a00e50a926,0.011317171661790073
ck_87f82b2b5fee757a,0.02464022784067539
ck_643abfbd7548d0c9,0.012493517242815621
ck_be51f4e5e6b85768,0.08080628937380269
ck_132c16312f37810f,0.02468380611814048
ck_c78c096ca8cb33ac,0.004770331326132691
ck_2ce5afbc014763b8,0.023515018956752978
ck_50ed8f4e7ae6710f,0.013033078032159544
ck_5a4eb535c9a11993,0.029058089955432565
ck_9b665ef46d785324,0.014934496229304341
ck_e066f71f8b296b7a,0.02721274024818809
ck_560bc6017870ab06,0.0012385543516276805
ck_fd78f8a8663646d7,0.007187770934323131
ck_4af5ec61ddbde1a4,0.02278976439682582
ck_c2ed04a9d218410b,0.009341417575155503
ck_2455d43bbdd2bb69,0.00955116730437941
ck_56eed7041add49a1,0.2924919859961268
ck_5f0be7b468a72333,0.008272721032602431
ck_19660cec756632ca,0.09220179334561601
ck_fb90408f4892a21f,0.010607860271559534
ck_833a65b86a5d9bda,0.007530363945908038
ck_2ac36e1dff211d38,0.025232368896636218
ck_c00e70606904539a,0.002422634919254327
ck_ba8affe4b9505a95,0.8171530599484799
ck_0c3dd22587b08018,0.006618623194780427
ck_618c4e5cfae99dcd,0.05895263293313135
ck_c9690baddfc4177e,0.003889593178361118
ck_59fae092fb0c4aa3,0.01283090568174924
ck_e03b7d0fa0b28f4b,0.04798779656010237
ck_d451d24c780b5884,0.0059384728274739455
ck_e980d325b8dbb8dd,0.007406237696267854
ck_cff18e2d8c520272,0.020703877436404523
ck_a0e46b67e986ab56,0.01597353732789365
ck_3a469039a5b9d963,0.0006090936298322902
ck_12cbb211ebd2b437,0.0472273166076838
ck_b8cdd6d6dccc4554,0.005743487511803977
ck_794ba5921cef50c9,0.03808852942112819
ck_2c7667f64edec2b5,0.0065808316137856305
ck_7262b4e0c29c942d,0.007686798400603032
ck_5d818522cbfe2a54,0.044509994377800656
ck_de39c1947fb675ee,0.027697583875881997
ck_c021495606b4735e,0.010715974077663601
ck_1fc03ba33edd9e67,0.042376711631779786
ck_a6fe344bbf67f14b,0.0031943442177690827
ck_963762210edc5694,0.02857504804122444
ck_d064428b7e7dc409,0.05108989974820909
ck_59be61b53d971611,0.010447334948103572
ck_ec8738ec663cd2eb,0.021899127228710104
ck_59d086fab5998646,0.013005517114125209
ck_bd32dd3b2cbb7888,0.9869241577708067
ck_ce0166addb93bbad,0.0036084481829384194
ck_7c0fdfbb447cdc04,0.09849707963892117
ck_cb1bd7635968ed8c,0.23687569750327092
ck_66f94903177f20eb,0.014524998575855576
ck_1d7cd5dcbcdafd7b,0.05126466232029219
ck_5e418a7c04437b4a,0.01296328641247115
ck_631ea1ae91ab333e,0.020342839772582704
ck_0a8029e79a5ae7ce,0.02984387030651524
ck_c4cca8278bdad9b9,0.0008246547107851504
ck_4dec3df58077a257,0.04395438096890911
ck_609c249edd88c565,0.011210095611202172
ck_02e5f9cbbbf2f078,0.05009800117654525
ck_32e486859130458f,0.5962274565319833
ck_21ed2ea6386c5a07,0.011238716013429495
ck_1242aa4496576a99,0.03628874785302596
ck_475ea9aa6d3898b7,0.05436929729320764
ck_fe1b1adae3be70a6,0.05888441177701973
ck_c5414d7a8031d4f5,0.04151664050628659
ck_ca1f6f01868e978f,0.00663147240584894
ck_5eff0208c74ec714,0.010437492752303467
ck_a315c9619a317609,0.030650379244754614
ck_2b87683c90acb852,0.011867687359920638
ck_7cd9f39c50748ed0,0.0083901513854944
ck_16a06d58d71935bc,0.34608040023921244
ck_d116e0e7c19b878e,0.09306453694250343
ck_931510e384b1d0cb,0.001609597280988369
ck_e7651fb87bb24132,0.003296230185460985
ck_88ef9f85948e1a01,0.0035373797065557174
ck_17bf38d51115a8f3,0.014666468431479377
ck_2659d1d3762a2825,0.018062502320353353
ck_a7285955e2852686,0.010659965317507207
ck_f2c33d5b65b321db,0.034411686207034435
ck_83e5979334345622,0.005514487753642152
ck_629537d8b4d0f395,0.005503489586956422
ck_72022008a92c9386,0.015230987630041342
ck_2973b8274f0bf69b,0.006062988012166395
ck_565e3418d2f4061c,0.011613876193777012
ck_54bb53b8f8ea32ae,0.9838277659167287
ck_af0a6540ea7a36b2,0.01688988907922353
ck_888651bfc2c8cf70,0.001363693542310618
ck_1dedcb48ac381a1c,0.17521863353671852
ck_f73273e220296be8,0.0132611925664323
ck_8424bf65223a5a9e,0.012631835050217926
ck_337b930fd149a696,0.0053319128591061814
ck_8a4952de8a123ef8,0.1884578503251944
ck_884168153c9c0c81,0.008509340350152344
ck_fdda581aec411010,0.002820011032562635
ck_2b7cadbc8b180d32,0.7643888434257803
ck_8aa8b9968233a1ab,0.016623483233029035
ck_0af18b3ce015d294,0.01960911365817185
ck_8dde670a735d1e90,0.19727347967595354
ck_62f46226f244139f,0.03836547846751734
ck_f948e8a8fdd79b4e,0.011142995014838225
ck_fa00aa0f3e859904,0.08390366768779384
ck_fc7935f784a4f249,0.01852078543836168
ck_e7501307c0698e5b,0.01332905677409323
ck_549ed417f2834cee,0.03327519883169564
ck_fb2a35571ec719d4,0.22035536933818392
ck_25822068c86c856f,0.006184925272449013
ck_8f35d229b62c8f23,0.056828155225147226
ck_bdcf049c1e7d0c95,0.03167769922248247
ck_0aa9db36eb16422a,0.009265288725403211
ck_42dcf92e9e016922,0.05070195104853404
ck_42341cf31c08c981,0.013870249547248432
ck_0b20bfc515ba42a2,0.009412338410437373
ck_0ec820b670d48098,0.013368444910915819
ck_1f0bafec397da8e4,0.008083147927039253
ck_82f07504ab59ed33,0.08984718856710651
ck_337b24a474010abb,0.9979147849675756
ck_703703bda38fdcf8,0.012403351650136903
ck_01e7960c63dca3a4,0.7319059006900609
ck_be5bd81e3715cb8f,0.6608714583148921
ck_197f8058cea1fbea,0.001192323300072878
ck_eb3fb1106f2f1b21,0.07678644970847981
ck_658b4b54be09a4bc,0.9796436709384128
ck_266ce7ccf41ccc50,0.022185827818203534
ck_110608c3b03d4038,0.21193274572544313
ck_1be8cb95d6d9bbf8,0.0066643877197327984
ck_8e16a64a776afa82,0.04923668194194058
ck_34bd190d37eda534,0.0547793643618337
ck_4f521611ae14ae66,0.0068119357380222335
ck_d839798f9520363e,0.07370928500358315
ck_d1bbfd246c0ac9d5,0.39626671473997077
ck_f19030e6e85a6776,0.11183685287937548
ck_cdabe60ab59f9d5a,0.21375821478219073
ck_bb84b2b30293f566,0.779725527966906
ck_427b91925952cb40,0.024692759887969092
ck_1078b1e155b5b640,0.02222927291849096
ck_95fdc264eac72fa0,0.0034437680280375695
ck_e35eb857c61548b2,0.40204133273672654
ck_69bd0b1abea7e1f0,0.30928133147573256
ck_59de511b20c842ba,0.029633256966505477
ck_168e7ea341a36b80,0.01976912775921696
ck_4937cfa6526ea138,0.018551047673498397
ck_bb1a981306b750ac,0.07252963292092017
ck_f42a43e4c3f34ccd,0.009951739553091695
ck_c7ae1d4b3ab38185,0.006994307233742918
ck_bd23cf9bba1dd33f,0.04477000089697264
ck_0fd826fad7ec7cd6,0.03018777604042676
ck_f143641bf3dd0414,0.004726624527209069
ck_ad6d48c20a3688a7,0.014062230827022692
ck_7bda5b5b927b2905,0.056565847844083555
ck_a337eb38eefdcc88,0.10693252409787271
ck_403da2a2d800df9f,0.12319727428944223
ck_aa01d5aafde73d0a,0.02407593661535896
ck_494954023f0eb309,0.05020626369926879
ck_1c6820fc38135ad9,0.02106039408726537
ck_0e0bab173622db9b,0.05381997275853557
ck_547090bf35a3b243,0.010919903600744641
ck_d69455220b21dc9b,0.028550992672429703
ck_90b4ac695b9c6bf7,0.012387954911633829
ck_8d2afe17c0082e6a,0.026842721528696014
ck_926b81c0ba528eee,0.0037949198576429917
ck_ce36b0c287bd198e,0.03667735851793833
ck_8026e017909aaa6c,0.07008732558827269
ck_dfba788f35d4c372,0.00808986769608523
ck_f09f9d0e0886e0c6,0.005746014663982829
ck_4ffe0366df388604,0.009930635249243204
ck_75bb521de55644c7,0.027490371365080476
ck_81a960fddf79ecf1,0.7788139110695579
ck_8f43459991ea511f,0.003780601225465861
ck_f878b68d66fbfd4b,0.008691325800183176
ck_e84abfc0c747c9dd,0.6028784872484911
ck_3ad3fd3cceb56b66,0.952339902966512
ck_7cf562578c7f158a,0.02502603209783594
ck_f81a97d350397306,0.05458568256259691
ck_255d87b7fb40caa5,0.021655665361881564
ck_b3905153b9eee924,0.009161845297267868
ck_2c80a592fb4cd6a3,0.006697238152148392
ck_57deb202d4188a29,0.00714559328918194
ck_e3cb5f31d8e94448,0.9377073333263235
ck_0db62d5f7f75f80f,0.02815150750372727
ck_ced9163ea85589ea,0.07467555138173747
ck_e16528edc694fb33,0.9482544925462872
ck_78cc5ec4940fec3b,0.040318561053935366
ck_31742076e9a998f8,0.014410269074651488
ck_5ac335f02280271e,0.3254920603722618
ck_7cc2e091806cfa5b,0.08273043864655251
ck_3152c7115257f084,0.02797366564283543
ck_ab1b9d019921bca7,0.01625366093120532
ck_c33a762d98f9b290,0.011037593949992104
ck_b16a7c51b6f7a6b1,0.490112887696598
ck_97402a153348e68f,0.002383224398501125
ck_95391029a21caa24,0.04080869630336695
ck_c2015a1200971fe9,0.010136861678946826
ck_ed4427962c68918c,0.9017411848273278
ck_c5e4a17d3efb19a4,0.21433017494443563
ck_8aec3d3dd51517c2,0.006316689279161009
ck_f5178a658225d8e4,0.018591305071854976
ck_8594f165e95316d2,0.026571683868915907
ck_f0c4aac04076a6dc,0.00752558390081621
ck_ac2f7397801036ef,0.027100402270200195
ck_d1ea4bcc407c7d5e,0.00887213660854184
ck_cce8b6657a538fe0,0.03346249972811686
ck_66d0c6d6b67a8d58,0.011721817421981194
ck_1a6b30320835e57e,0.011371837808481479
ck_8cd274cc85aa35d1,0.021716070341779532
ck_ada46085a78280e4,0.007464326718416118
ck_ce1b06623e4a815e,0.020721684446483063
ck_45e70c8a9686580c,0.13302468991261557
ck_0084d8ab6b1044f3,0.03318917870020117
ck_a5f7b6fed6df2aba,0.061428233464626066
ck_94940d783e7988e6,0.034857770200409414
ck_00f9ca84d1d8ae7a,0.012900596091552615
ck_0deb56f3f6452818,0.004971090640634165
ck_a58e900469dfc3f0,0.02278976439682582
ck_028c41b195280980,0.009413361276773858
ck_7661d7ceaeb19f97,0.017790071065102667
ck_6957905a65c47879,0.021183141952770997
ck_f7c6c26ef3c4ae06,0.032141214741730983
ck_8777beb11aabd66d,0.0061271241864517476
ck_7db098a17374bbf8,0.8887717686597723
ck_66aeb00e44486cda,0.00722089420995733
ck_838c52cc1d315ec3,0.0265823066585875
ck_1745847cd4e5dc83,0.041970183618039926
ck_201687857ec8b3cc,0.0362035648752877
ck_81818169208a8cda,0.015897820159167513
ck_3303fd3f64632c7c,0.08772467043059644
ck_edf1096809e83ef8,0.012470568287046575
ck_235ce9603c7dccbf,0.03861225667782935
ck_9df7e153868bca13,0.055327579849996734
ck_3cfeade2cf270fee,0.009096832825879529
ck_982b0bf2e2b6c4f7,0.05176177308334812
ck_faeb0da678bb86c0,0.0012050453612236826
ck_e86ad2fe815b6ed9,0.024070448990867924
ck_70d69e5d1bb99e85,0.03512959467370847
ck_7e9a8924eab779e6,0.9879726188072215
ck_019d5891103e7da3,0.0814830242279895
ck_14f0484b3817eda5,0.006954212623053174
ck_85de63d278f0fbae,0.005753110875071471
ck_ae91b4cff57fb3bf,0.011984627865381518
ck_2a6d43b9f883b78e,0.19856113808267054
ck_7a4e3d553e8ab5b7,0.013944784650612753
ck_fdf89dc69f700f84,0.1690103575775546
ck_f92e04024bf13558,0.007884397788608118
ck_4a522ca2dc4831a0,0.0007421692505890641
ck_68ba25dc3385fea1,0.01269124320381718
ck_22128a4f0d033422,0.023761216057414394
ck_5b52ee0a13c71590,0.09912089699683527
ck_59472d17debedafc,0.010257980942380939
ck_9dde2c63acda3ba3,0.0014051900712288624
ck_7510b1023cd08531,0.133304379064478
ck_071ddaaf2e4e3671,0.005920140804339919
ck_1355db6f4010232a,0.10742414530475608
ck_0a7adc2f27f98510,0.16844382405000183
ck_68250033717cd59e,0.001461011043740239
ck_7c12de74de30b788,0.1759811135705489
ck_65491367584c730c,0.004606783304436955
ck_e9047964952bee70,0.024020202252952674
ck_5567779d6ba184eb,0.0163179148139465
ck_d6ea026357ec6477,0.004308301363414717
ck_cd7dcc884e283746,0.022528801325217316
ck_0bd77fea8ed75a15,0.011201629510576043
ck_e80883208e8d0453,0.02062625759900838
ck_2ad0ecbacd5acf8e,0.7466839300247888
ck_6c1dbee7e8fdd5c8,0.008939633190757783
ck_ee4d9a7449515908,0.013378329654559637
ck_636111f7f030496c,0.02577464830330756
ck_2c629c657f73941f,0.001877809827326649
ck_c1c9d3842d758420,0.06172115599657812
ck_e4df7faacdfe8c40,0.01498210506246362
ck_94e8142728e44380,0.049943918369978774
ck_765aaf42c5088545,0.011659026353426376
ck_e0f845159b6e6a4a,0.057678706459902376
ck_5bc07deb82edbad7,0.02899004302712469
ck_713159c5c6a7a4d0,0.9992552257623443
ck_b08afc91d9ca55db,0.02278976439682582
ck_a7bc323ffed2ea97,0.45212711747216033
ck_85ca825f905a34a1,0.022861879508001736
ck_33160c443d4b3f19,0.02878113750581531
ck_832d39c590a3ca75,0.851487761989663
ck_7d1661a34164406e,0.9901433680234425
ck_c2466fc40fc9d5ed,0.885950928882739
ck_ed0e776c0926ce67,0.12170830726828845
ck_cdd2ebeec75bfa69,0.27997994345149774
ck_d7877684c7923ec3,0.0519571878013708
ck_7384d4d2406aabf4,0.01091706540815779
ck_b8e5244e650aa81b,0.008005021896868752
ck_25a1ea40b2d59254,0.0026890283096423
ck_b9e5b318ee4de68d,0.007585099578962233
ck_620d7ae27af83cea,0.009624477401758355
ck_40b4e264d1a12b83,0.9867504638394238
ck_b694c803b62862b3,0.004413579534774926
ck_cbeca201dbade3e5,0.02147981731424141
ck_f9b439c9161c3e52,0.06342343231685985
ck_9880410fcd10a28e,0.009493088910470007
ck_74928f5f91aa12b2,0.08994359571523868
ck_b6673bbe61d2680d,0.06870405912999226
ck_53c8315b5c30acb4,0.0055126482250692135
ck_78f01d78ea79642f,0.01109149037114814
ck_8582490d6e365a63,0.03283908022771607
ck_af25c72d16299258,0.005663775965731923
ck_7905fe8e257b0449,0.02415969012282187
ck_0d16d9349e4a9e08,0.02011361863520567
ck_31b16b8848584e98,0.017817816985038662
ck_67207e3eecc02d76,0.02103102433991236
ck_e6b95ff91116a592,0.0018472417286368274
ck_c08f622bcd6de6e7,0.004430565202433594
ck_f9a68da9e0f0bc85,0.033040099332829566
ck_4072b59388976896,0.0033909840219345515
ck_8ec86e853ad52828,0.03973179960753581
ck_4fecb87eaffd5cb5,0.0010076729289815469
ck_d6880578428b965e,0.13839755420287872
ck_bfc82b3c1c9f2897,0.7403118556770875
ck_c340644176ca03e7,0.021531090219496306
ck_321e740066fb05c3,0.18630360693270248
ck_8929d2eb09872052,0.30226903211993417
ck_205c107cec528414,0.2210611341097704
ck_e76db7d2562f9836,0.020765198362485218
ck_9ede51c8434cff6e,0.03923780414772025
ck_492e4b89c61b7b6c,0.011921746122087013
ck_9385f5a1eeebefcd,0.02278976439682582
ck_ee52c7bf88f952ab,0.009478681048296966
ck_d8116c34302021d7,0.006394573245559456
ck_01645ea51972e99a,0.04788588343772339
ck_7b45ed23304a854b,0.0077434890230198864
ck_2096d32f3d497ea1,0.051990547576717845
ck_dfbb2056f1ef7d3b,0.07058418965753585
ck_938ce30c864bc7df,0.009911913111422699
ck_ff30dda2c881a4bd,0.05199333384906434
ck_f88c79186a082beb,0.02689991113014268
ck_08c7bb0f9851cb76,0.1020163270773023
ck_2675e7a008e584a7,0.034799959877299266
ck_cbaf8a954281d4e3,0.955323962995669
ck_8b24eadf6c72b30c,0.2192045910597787
ck_ffc8e3c1377d0706,0.00422040507717852
ck_5b59e859bed5b40e,0.013775892868661977
ck_7b61717f172f9317,0.8706873848110641
ck_e5c30947b732f661,0.06594740494222955
ck_bc273f3ce79f7e1a,0.0017990033337727778
ck_f69e93388b3028cb,0.17998213108872876
ck_3837ad850996ba60,0.014231360016979853
ck_36d78ff3bc033ee5,0.008056040814063435
ck_5e20953547ba4135,0.13786289562829185
ck_258d661e450ac870,0.003915893417965816
ck_1df66f537496ca59,0.02768450791431736
ck_361f535599110201,0.008145145784282628
ck_337e98c69f6e7886,0.0024687746760989372
ck_d3d5b2717cfc3913,0.025284593522926235
ck_b1dba768dbe7affe,0.010648029593819188
ck_92d782bd9ce0d1e3,0.041605182796615445
ck_26bd0f8898afc8ba,0.006823055075076589
ck_7916e53daab36745,0.0485498497366526
ck_2caf553b31831a50,0.01871570373037273
ck_c6200734c7f9b2f9,0.4533375859876215
ck_cdc55623cb16e6a9,0.0028957938839176286
ck_57849e15b61c43b4,0.005715556485744969
ck_b7af9b2ee0eebbc6,0.02106133316018027
ck_00aa5fc3b3bc66aa,0.03593836898283499
ck_9929723f65636c7f,0.9888353245219512
ck_8f6cce9f69912983,0.003566659726546968
ck_c422ba389ff00781,0.033473333593860954
ck_9ec7f334604a228f,0.019861222914420704
ck_5d01200ba3341462,0.005159386063427887
ck_2bf10be403849c9a,0.0034277274341048634
ck_6ca018259f70858f,0.003430495685633648
ck_a54dc042ebb7c766,0.10105781298030594
ck_79da63fc100830b5,0.05169303851152207
ck_67ab6f9e05c85085,0.014086896639624128
ck_fa80da579ea9afc0,0.004598652012551317
ck_4339f86c87289222,0.4109298202740557
ck_a2299b4f530be0d6,0.5137566833129064
ck_19db0bf788697c2b,0.014040832042017263
ck_fa4211c4d826d830,0.008633832669742018
ck_96100d5e8e051e91,0.025222243424844408
ck_5c3a671883d58b3f,0.01020730226167437
ck_2d9524787cfe1ab3,0.20744961324730773
ck_47ab8e51e5b3a2d8,0.030103552689577873
ck_c924f36bc1bbbaa3,0.004104055406258707
ck_5c58e7f8fd55e26c,0.0011432573931775011
ck_a07e7409d6d5aa06,0.017361918897666206
ck_c8413898f5f7cb7d,0.024711876222317727
ck_577c816b41cab002,0.8461696682216324
ck_9f7807ed64cdb728,0.41593875458170554
ck_495d814d6d6d521e,0.006090925061539583
ck_7aa8bc018c2b003b,0.010576478892251407
ck_7c3a6a82f3c3241d,0.00501360995103085
ck_487f7fbc290e4ae2,0.05746720760606602
ck_e556c4d36aadbe03,0.02065252911094766
ck_7e6569a1b2455cb0,0.01810751978064328
ck_de2924955926d046,0.03404021892544424
ck_73d60b4630e3937a,0.010247818227155005
ck_805ee564bd35ef15,0.010178161994067953
ck_0d40961e47797027,0.03044008472597223
ck_f06d00a4f9c87d80,0.004439637004417925
ck_5ef50fb07b6737d5,0.018340196643733805
ck_16541fc15683e21c,0.08059500307127745
ck_09fd43f1b7e2eca2,0.015757920393416964
ck_2a2c336a69b8d68d,0.09144643643307282
ck_2685f38930866af0,0.01590087890094974
ck_298278a9da874437,0.022023501802967554
ck_00bd7803f2530c68,0.044048037754021094
ck_c2b4a1d8c0b6c1cd,0.008126698148821679
ck_2acb54ca20c3af6c,0.08878297810506669
ck_e3d4b6f681c783ab,0.10508559451698042
ck_f90293f1eba5d7b6,0.17202550087009086
ck_e69d27e8965df0be,0.004006363430107034
ck_b7f5d10b427346ad,0.06402935088830279
ck_1ce20e4223a936b1,0.005064298046735241
ck_6b97d1ab90f6bdeb,0.006288329267713238
ck_e30e17db5473c7b2,0.0031908700203737437
ck_154c8efb19dee665,0.0011146346784937204
ck_6f5bb0c930644cae,0.9992779490788992
ck_9e17699baa83d173,0.0027038642080716483
ck_9693b1eb70880205,0.014436649158113386
ck_1e97899875bb427b,0.003991306387125214
ck_558a82590f65df69,0.0017324892948539154
ck_18df83242ff3cdbb,0.02657813588923635
ck_80ad4396e1084c68,0.045099761040481245
ck_0a993bc947bab61f,0.009433388290097254
ck_5c2d43ff841632f9,0.002891896336345957
ck_6e4b99fb9725d9fa,0.012893689397490622
ck_e0983999ca26c19e,0.020699457866037278
ck_6573c4947cc8607e,0.018710818623410324
ck_d879d645d6e44207,0.006874817707158622
ck_1375ad9f10688e4a,0.02187107088258204
ck_7501ebbf4e21f160,0.005284586571059492
ck_ca60d61cd4dc3bea,0.02251574402304419
ck_ab9ea095a5c58b4b,0.004578486728591021
ck_23756522b58df5d8,0.026977806680826923
ck_90bc176c43d85fd5,0.2670566675050764
ck_908b663b2dda94ad,0.22768175456902426
ck_4df2fb8e4b649e27,0.005386872148885439
ck_5615c6bbdef05291,0.11877690070013476
ck_b62f3e3185251f71,0.004485562230037351
ck_38d1a22850178f33,0.03016499311948433
ck_5b3ba20c8bb1383b,0.01082015080770204
ck_5576ffc6aaf6f22c,0.0012818229166794773
ck_cf7a022178165e56,0.010237442063218307
ck_f2c7a4c50e2ede96,0.02672322506384561
ck_285719c77eadf915,0.020102057414742885
ck_f2aa1b677619ab19,0.00936380585462961
ck_3830c58d841e9e69,0.6227126369840837
ck_32eba3510c8eac5e,0.012983297976216081
ck_8955d7b9030d5eb5,0.018055381861105124
ck_6775e387dace7525,0.03708036171094979
ck_0a0cd7f4be606a93,0.01439916300054224
ck_a9f700eee5d638df,0.03330197148889346
ck_3d7db96995745472,0.07054568098924915
ck_aeed557007d52e9c,0.0007167255295791696
ck_79b6a86830156b5a,0.011606085387922687
ck_6a1ff9d69466181c,0.9929110750071698
ck_f11b1565f986f5e3,0.026530263259673916
ck_4819327a78615485,0.04778365325833544
ck_3ed9e081959b2f5c,0.0036561649538794506
ck_16af4be191c47d3d,0.002821773728306951
ck_25122cc0e8b1a662,0.05547928331189203
ck_509c22828d467ba3,0.04597465320419151
ck_31109c899336348d,0.008853474150006174
ck_c51131e53baa59c7,0.002764375638417036
ck_cf8ecabbc61d3e11,0.05436058947643871
ck_eb6baff0f85ba936,0.03199981090947827
ck_777669e2243204f2,0.8711675814779937
ck_ac0ea27e692acdc9,0.03757419885485759
ck_4c6ea04ce8ca9e2c,0.03295484910468928
ck_ca54b32fca7e94cd,0.02898108748426001
ck_4dfd8947f540eb24,0.01958045022775478
ck_95aff1fe27fb24bb,0.02602974989562541
ck_c7550723b90e5615,0.001667979369144144
ck_57b3fee69bdf85e8,0.024023010281818642
ck_f823407ace7ff064,0.09400185525551229
ck_a69084a068bcc8aa,0.09489631314396067
ck_c7b17f7b24bef5d7,0.040133318739955334
ck_7c4e588f927c27c8,0.010923248085016126
ck_77fdac602d0c6f95,0.11924810177352434
ck_e963d8525018d072,0.01984833603386108
ck_6e8ebaea8f7bffaf,0.009680060571968426
ck_aa42976a31cb7770,0.006344319115580603
ck_22c862a496008c96,0.9991084190654796
ck_527550dd15f38782,0.01695023390424378
ck_b3ab3c210e2c7c19,0.005536294457024471
ck_ed9c56fdb9f45ddc,0.32441644176603873
ck_b53281da70defcfa,0.025194513376239444
ck_03009b721568ee98,0.03428511541038853
ck_3d9afd862b3f4053,0.3323397841119751
ck_ad3c4be96599554a,0.018693566923008886
ck_d1c787c27d50af49,0.01161335163758901
ck_c7a9c7b2eef46a99,0.04295687234318006
ck_53036d3c6c74446c,0.19726564033048155
ck_1b1efbd9c0964c8d,0.006363835948006132
ck_d66f42a269d5c1ed,0.03368452945511222
ck_fefc49a2b8ad993e,0.034053980374512564
ck_8b3b874249adece9,0.04831877083038721
ck_193d9c87ad3f1dad,0.007099237804471088
ck_0c6a50d747593b7b,0.01800869482739752
ck_c830f3830875b47a,0.017625291101121637
ck_79e202f06d8dfe42,0.027325297717613987
ck_5c0fe988b8aa7fcb,0.13457686614850425
ck_a8382d8345f21e1e,0.002441513240438035
ck_8cb20053914692d0,0.03078569278197396
ck_1da2f69023ca4c13,0.007339116644454394
ck_38abb60995114f8f,0.06699632197910571
ck_f5791fd8fd8fd191,0.08394102277015092
ck_a4e6fc391b674335,0.0784491738661509
ck_bd771efb4a7e15d0,0.007394268936906888
ck_38ba4a6b6a292054,0.009898239959510984
ck_f7a07283345a0dce,0.04744413525141812
ck_87dc484baaf5a23a,0.0035346794120667004
ck_c84ef83489badbfd,0.04436262537489314
ck_a397cd64ec5d644b,0.024421329720026887
ck_7977135c2ff61e92,0.001247538906604083
ck_52174855b243a8b0,0.0647647409244757
ck_0f35e930d0614613,0.9769125488871907
ck_b170a7db522a0d6f,0.018037320515676532
ck_7af748a23775bd54,0.06265023923123243
ck_52f641c9ee6fda70,0.012456337175484507
ck_c3719a30414bbb4d,0.0034079012775040723
ck_2baf214ad6bc0dbf,0.019111850333089334
ck_8b39d8aacfdd72b4,0.013442125273191592
ck_d39b0152116203be,0.014523539071631047
ck_ed33f8a937f9c7c8,0.0067932468793231605
ck_8ef97b55a5fd6ec9,0.002870280943278146
ck_8247f008a14bd1a2,0.03513934929072133
ck_f0d349d68249d5db,0.02200768025439207
ck_a544e766540861fc,0.045517218432442864
ck_9dfaca4c7c80b10d,0.1646822949688933
ck_7e5401c362b2216a,0.009741059615835091
ck_64ff60c073fdb6db,0.061119859747251135
ck_fc5ea49518e5d637,0.003152235278837003
ck_580f136ced341298,0.02358205712167423
ck_9cbef9bc95449dca,0.015770622394124776
ck_e475a3b8ba870a7e,0.006932945707021719
ck_97e94708bcf43563,0.002379386714834856
ck_13f03ec785cbdae1,0.0038906158738033552
ck_152820d8817f478c,0.005446020823859503
ck_d20d4ba60eec9945,0.003595383602656866
ck_5c45968a805132e0,0.04127462091342778
ck_bebea2cf3063fb24,0.026956692589445108
ck_c3c69aefe7ea1d2f,0.010094936121263097
ck_02028b72f26fe855,0.012761924318775802
ck_dfadff70a58a9133,0.0037932726590861826
ck_6482ed4491bedcaf,0.0017268179846729743
ck_754cd7b4a5ae3f94,0.008915445337613216
ck_3132857aec8485bc,0.002717492194127141
ck_7ce4ca91b8f9f1c1,0.02748692139148548
ck_41938582f4351772,0.0538996799108915
ck_f87d66946252476c,0.1134803401815014
ck_8053f1879a9b4e43,0.01415967170090227
ck_93892e91387f5103,0.053891846040698695
ck_15254db133b28371,0.06800765731982539
ck_d557b9feb241b3ec,0.006169984302574106
ck_71c3a8e4c12c989f,0.003552059116059152
ck_80e3041811033443,0.026551792456650587
ck_3380d60067b4634b,0.012297887243167754
ck_a9c2cdc758df8510,0.03754798987387578
ck_3c0031d7514da17b,0.008103703092900505
ck_18d214b1418be39d,0.04843122395445867
ck_7ce768407fd48321,0.01552164053916784
ck_7a50abd42298133b,0.01666148558673997
ck_2db10f987d137582,0.01849053457209778
ck_e077d004cd1d80ae,0.015509931948428878
ck_1cb6dc67f9a321b5,0.0165907631248238
ck_b864f64101149c35,0.21293262950536043
ck_9bedf54df9418e4a,0.004514715642769818
ck_c47e32c47f0e6578,0.08997946051739215
ck_71f382d5e338daa3,0.003535080697203962
ck_14b4bf7be6ac2b61,0.08202743857429605
ck_5c87eea1cc07cc92,0.0526712710315614
ck_5f445182829ef342,0.06724075300426825
ck_a5d7311291caaa54,0.0664631044490671
ck_b7df99aecef385e6,0.08890625480161411
ck_3327a0582407068b,0.02794754211582783
ck_08dba09fd7dab896,0.023721192317336586
ck_f4ec334be5266378,0.020047324887118283
ck_240f7f894c5a86e7,0.014533298314185055
ck_a9d994554fc14a02,0.0006709382684388386
ck_13648cbd306eee6d,0.0017816442668280163
ck_601edf9105b3c321,0.9819232726177247
ck_9527adac182abe57,0.1348076131989302
ck_4e0e80f5cc271bf7,0.0028466146485499853
ck_96a89e720176b389,0.040750737869539984
ck_63560eec94b76d2f,0.01038060499200849
ck_c9c99e5b19aeced8,0.004887398488379115
ck_bc32655ee5ed643e,0.045242121780933835
ck_edccb5a93b741744,0.010249023638673561
ck_f786cbc987b70930,0.020729859897963845
ck_0e8f26536ccc8947,0.020257537044543267
ck_b87ef4b98cfcec4c,0.035540012155934136
ck_1a9235812de4b2c1,0.017538600472002407
ck_d1ed88ea4211ba4d,0.006133181317593958
ck_a4ddac49657a4450,0.19740237854968323
ck_d9ffca35188e49d8,0.030003741681001804
ck_3db73bbe03c3d240,0.007136691309388648
ck_fffa0622344a36ab,0.0025987082544176292
ck_148c28df51bba5e9,0.10599907377886916
ck_076cbc25c8f15fc3,0.9789741334288515
ck_e5ca550b39ed45bf,0.18664939112544018
ck_8dacf3a2061ca17d,0.00549405356037934
ck_2d7394afd61643d0,0.020679656057296075
ck_e42206e91f6a1752,0.0018506915046607383
ck_2f4f94827984c426,0.005433016211046435
ck_edfe8e90e8f4366e,0.006971592644760125
ck_646b15f753e5e9c6,0.02804250444371544
ck_66600620149c8799,0.021655217927486533
ck_4ff6fc70bccfba96,0.015729526322213368
ck_41af3729590c2484,0.004536413355346972
ck_920a48ba8c583e96,0.005663775965731923
ck_0253b3e7be021306,0.009818640516288182
ck_2ae6949246ea2648,0.010215664948693687
ck_db23a5100f338d72,0.5046289395176355
ck_fcb2a559474c3493,0.009051865231730575
ck_0a4d7acd2a53cbbd,0.08882260084633915
ck_c5d62b2b7a6f3bac,0.8364888612957767
ck_cf59f4fc0ea690b2,0.004019246159178869
ck_837be8126bb19250,0.01372318709667454
ck_58955542edee1adc,0.08068086877304673
ck_1b93381d8eea58d1,0.002848603083316604
ck_97b8e05d62abdc14,0.034203334880845836
ck_71a0d645744302a3,0.08162554828536207
ck_a7b57882ab66b111,0.007171246234605657
ck_65f76421be648549,0.05522540678030927
ck_b53ea8713d32ca7c,0.01153712465881887
ck_991c4c924a1d85ff,0.8551746459395314
ck_8432ccec1a4ec7fd,0.9995986328484149
ck_64c1633297f43788,0.00635818749658582
ck_4291fd9c1161d8e1,0.01355411085306549
ck_5e98ed6391d9f429,0.04523564482563563
ck_c7baebe4549fdbb4,0.0282019445966575
ck_6e67225ba59fa5ae,0.025783892859858715
ck_719602def4d35fe0,0.027675488434087417
ck_bdee7c86f5ebe81f,0.02653514969432048
ck_8de38f8c7f91961f,0.021676450969249264
ck_b0b5bf9254700402,0.05279304323110885
ck_7b55d9bb1a250d4f,0.078700669692039
ck_3954b7b0fd1d6614,0.002446230424868384
ck_f29471fe7c818d6a,0.0665864885660787
ck_9e65a8a2f587691a,0.018587532528855456
ck_eaec5f1a83b66eb0,0.01978151915622831
ck_004fe0daecbe2c1a,0.027981996645837295
ck_d17653a4a2d4a79e,0.046380981295408394
ck_0dd417fcbf19e424,0.018743386409838265
ck_4c99a6eadea143e2,0.12677979796796118
ck_74d602c907ee9119,0.002961393728632582
ck_1aa87cb62acc0ac6,0.007302153314069564
ck_094974d75e29fb2f,0.11598111340199149
ck_5ef935ac3d4d3332,0.008749336445122149
ck_b26e4ae47c9107ed,0.11503419029797418
ck_396cea6f95186ad2,0.020855035919737662
ck_48446a9e8184c7d4,0.006054155263797618
ck_31e1ede23247d56b,0.04830009174670721
ck_7afefa349b960a3e,0.02946139194554811
ck_f5e02a3432571b20,0.05723703629987736
ck_64eefec062592c43,0.0039440886924797134
ck_a1201284122c141f,0.031852850711735665
ck_1b34c420a4c85a95,0.010375621885762574
ck_d637a011332ba67a,0.010307889224040436
ck_99c0004d8b7079f8,0.010215351094581871
ck_948517bad569b40f,0.11840351657318117
ck_a28d6b1601b472a6,0.022105451891290283
ck_a0b4209feb31f5c0,0.9988842810314813
ck_d6d2c1f6dfc455b6,0.020267177227991148
ck_3f9e6d356d3dd3cf,0.02491252678618205
ck_d08e00c842b75176,0.00675269961420283
ck_bfdd232a7c5f2660,0.02278976439682582
ck_2cdad03ed069438c,0.026812946131750177
ck_42317c3eabd0a285,0.014845296317849458
ck_3eb73e56751c704d,0.021973834858749552
ck_ef33c04f4c9e3758,0.019525629847861027
ck_1dc23dc870f1773d,0.014934122184451733
ck_76091f357974a152,0.011210156894681087
ck_4d9eb75e8eee90fd,0.013402935940566775
ck_578f67e69e5d2cfd,0.007621195995001536
ck_3a8ce1cc724229b8,0.006410588257139433
ck_a96887f841e80fc1,0.03603494863313523
ck_d2d4a8f4a9f2c33f,0.06264607832829285
ck_11f85bc705dbe036,0.019273074065063674
ck_7429b3f87528e335,0.005477971958629528
ck_26df74feac7ec51d,0.017847624773631318
ck_c78b2638fadd91ab,0.016317952531679027
ck_7eaad325abe3b50c,0.006007593690535818
ck_fd44e34af620e606,0.041356831528866725
ck_f99738dff854e25f,0.012386287752496004
ck_1ffbce3a239bb264,0.025441678529754458
ck_96c7d52ba0a766ef,0.019655666859984558
ck_cb1c00c300af3f9e,0.05463023174022541
ck_ec3d12848ced99f2,0.016117104878610608
ck_26cfd7c3c6c7bf69,0.013663391401279572
ck_7ae86b5a885affc3,0.01634002641376159
ck_3edaa94d28cd48ea,0.018348295940538557
ck_3209c530c9812e39,0.052363949005928605
ck_ea62ebfc1f04b49a,0.0038543799715612054
ck_5fc90b4668ea81bf,0.028016627665926996
ck_95654593cdebd141,0.010172439497568884
ck_958c0bd61820147f,0.024788896249961105
ck_8440ef1386c07194,0.002690762625964212
ck_8cd1b68dd74b1375,0.33885217520486616
ck_c9eb4df91ff07f2c,0.014617067095963186
ck_c29489366c01fe65,0.9230886288100196
ck_c965fd6bec0f0ecd,0.02897988716484461
ck_84c402b23766e1f2,0.00808673571725305
ck_181f3dae03b87136,0.015280063601436666
ck_022a8ae79eb28cf6,0.9728549277366654
ck_469c17407d17b706,0.016549886182790893
ck_1fcc5843f39148a9,0.0024415825722212754
ck_5debd55f361b2ddf,0.00606176743243886
ck_28cb9b03e89263f1,0.005775412433175323
ck_f067470743d3c7a2,0.025828436496929258
ck_d5d225ce41a1a762,0.01299930641166644
ck_15b4840922195ffd,0.07277820586988365
ck_6bcfa37c717f19f1,0.05935503532008872
ck_8d501a0386c66be8,0.2897578216383465
ck_1a9d6190c57ea7e2,0.15404435908537892
ck_c49832eabdac5bb7,0.007546271212523277
ck_b4331140b2e0d4aa,0.01412726084060282
ck_5efbea1befdefe1b,0.1185637464986269
ck_72ff52c4824072ce,0.04200090536462953
ck_ec3715add8bbb6e9,0.005021580491810182
ck_9822f8ed05335741,0.13497800296756643
ck_c3d7d3d12a1981a3,0.079219413204138
ck_a115a7919ac5875a,0.02400466701385856
ck_4dd4ed23e0b927b7,0.14642915207979185
ck_4c76efcc1ee6762d,0.02697678623745638
ck_3ad6e7bf452c9b21,0.04195088886257248
ck_dcbab304b55a42c7,0.008296207674140672
ck_24b53090faf722cf,0.004620044018094147
ck_187317383400491d,0.024328762798306158
ck_e07fd57565c94c28,0.028113254056510398
ck_740e760fdcd27835,0.025461010340375772
ck_d3796aebda1cfed5,0.8099290222382943
ck_e541967c681cb929,0.013595985078278798
ck_431118050b834dcb,0.009717121497139537
ck_90f3655f0c8a0074,0.01774342488668421
ck_13cd943777651aac,0.007542321867955913
ck_66accecabf3901c0,0.03799424100442347
ck_937f0da2306b2eb9,0.07821493367359048
ck_105b0c93573fd5b7,0.16669170441582837
ck_00480407160e0743,0.04476464038242851
ck_e032068be7b77d15,0.01506859329610309
ck_991b7dfd69098320,0.016376126351179892
ck_37d47cf0f34574a2,0.009015073426746482
ck_011551a596544f5d,0.0513787032737159
ck_9acd98f4fe2d474e,0.20710030532599633
ck_7c88d3d377bb61bb,0.04057470775615576
ck_e2374c7136c964fd,0.04648414445361946
ck_2fa8f2577116e9ca,0.12021839051215458
ck_d07c5b0321c685ea,0.22987289943266387
ck_bc736114a31088a7,0.027400084850246892
ck_32bb42f9bff197f8,0.03415937129544334
ck_66267bbad1f1415f,0.9984924386890517
ck_19988702ccd79201,0.002188735032097529
ck_f473a03fbcdbc4b0,0.010470614730705737
ck_e3f1d85fa5d49396,0.02225900033331246
ck_c4402ea6291df271,0.012893855155998588
ck_243bd5ca8c4ae5d0,0.003301963033382211
ck_f271e855925e8d6b,0.3270620420111334
ck_e424148c6f2223df,0.02561909678635113
ck_e4d0a9e1102a58b5,0.002518067919604761
ck_91c2a5fe69b9b1d1,0.10675651689926534
ck_5fd8924732fe403e,0.11322058527742908
ck_9a881d5433126ada,0.03678158891951415
ck_73cab88b29c7845d,0.021959293072690293
ck_5b5dea6476d4e182,0.020195684834041838
ck_ccccb17d2ca6ce94,0.03237079263138801
ck_cd1dc68e441222b1,0.5746939153423806
ck_8312c49b1431a406,0.015929207359757856
ck_25fea39897f2a559,0.008960132819135281
ck_f56200205280bddf,0.05590561082677614
ck_7336611650dcc088,0.009908055343593661
ck_590716322ff147ae,0.02737657235795982
ck_c82364d87875a1a1,0.020062773332408784
ck_fa4b60387d744fc5,0.02300281980867723
ck_d841eba8906e9a15,0.00389993608230156
ck_d6df562a79b9d0d9,0.016302323007733478
ck_59a14d2564193101,0.0351954819373657
ck_8530158e3d7f59e7,0.005663775965731923
ck_ac68d707006c12a8,0.16042360611276846
ck_976fac1bb3dd8c58,0.018973410156446803
ck_f854fba8f4adae3d,0.05243528143651158
ck_b98e9c3ec6e7d1e7,0.002064175312175786
ck_803c0b4cf9d4bc1d,0.01795821775524714
ck_76997a33c3ea5107,0.0009938051492101676
ck_f1a9d832b700bda1,0.9863020322186692
ck_2bd96ddb8c323d63,0.9959350170295829
ck_9e5b7acf51b1b743,0.026998832454030047
ck_09169f22194fd6aa,0.07615324691811075
ck_6d69e092f9b0848b,0.010315077155880429
ck_9f83fa5a2d3b9049,0.0049771511585261444
ck_57bbb19eecb4b87c,0.02726637116388246
ck_e0e9cfabb979f428,0.004498264948234077
ck_b1ff9edc51d42f97,0.0012490792406222783
ck_4682fad271d47eb0,0.8242348938927408
ck_ab33fb754c818ae3,0.036263135973908754
ck_b456f62b80e21557,0.002626961882661797
ck_16340be3f2a7fffd,0.0046584609882499555
ck_ce66831f6611014c,0.005314201739382378
ck_4610a073bb54d1b1,0.03419214203372647
ck_fd038a7d33a9d6e5,0.008024698104750589
ck_c8198cb4c461304f,0.03031025658862205
ck_1e7de58822000dea,0.06796114328515862
ck_b2a79dd3df560f14,0.043327625190688945
ck_74a06f347b32347f,0.030374772162734612
ck_c6fdb2972417c9bd,0.026370896084620194
ck_d7607a213b800bfb,0.03917783023298817
ck_df65967b8b40319c,0.0025425883662683335
ck_329a73dbd585ee09,0.020817466141870574
ck_74991a9e85c3b07d,0.011640620649928683
ck_bb76609b79e0bc9f,0.10743671207964056
ck_f7fc1bd0b9ab1fa4,0.01390542903199263
ck_d111c98b36bdb791,0.0029408933366476425
ck_f07e27d125497b66,0.019555526661872262
ck_093e3a7134e11d6b,0.011733470329316244
ck_862c7953bdea48b0,0.00833679148415381
ck_392cf2cdd515c34d,0.004254526277936503
ck_80eb91b0b4001084,0.043064184345917925
ck_5923f53b77193a58,0.0546358724904041
ck_8049f5fce32be185,0.5475140558327781
ck_ebc5a2c6cf88e252,0.05284566346832255
ck_9ea5872f14cce338,0.01891174129080368
ck_f7fbc95ebf584379,0.005663775965731923
ck_bafe82c870356706,0.9765238915997999
ck_278b36c5932d9bff,0.006259454561986889
ck_6a892dd5d05c1649,0.06384135610113006
ck_0734fd90b2cabd43,0.027882169802441032
ck_9b552204498b6762,0.021286334337875707
ck_f6c909c205767956,0.019990087314278666
ck_32f590e87bc3d715,0.0006155834203649124
ck_66a8325f28be7562,0.02585286181026596
ck_b129261da9c3c3c9,0.02599809264614031
ck_a524071c51ddde20,0.030260486885391867
ck_ba576d6d4cb6130b,0.0965903049618067
ck_8d8226520722af78,0.046359229953340395
ck_c5b0f0d4f1655a20,0.027729177100056394
ck_61814ae9b6d8eab1,0.07570556234564643
ck_382ebf136f7fa337,0.15491822063964655
ck_423ff4ede6a9f066,0.09107751961721444
ck_546ad962d04b7de4,0.773994239676063
ck_9473ea4a01c95f9a,0.089201114686132
ck_9eb1da8cd35a50ce,0.010115622372889928
ck_de5eaa2cdbcb67ff,0.04417655087436457
ck_537cc97d0398c922,0.15564539068022154
ck_998475a2e4dfad4e,0.034979156009290684
ck_e62eb708d2688fae,0.005769659086581628
ck_ea623358f704daa7,0.1250978531825163
ck_b911a09f328dfd4b,0.024543005006710816
ck_4b3506b624e5193c,0.02614632049010544
ck_448456f96788713b,0.03872268125138592
ck_5d5ef9e75f65d076,0.009137155486389026
ck_3b74512f774a6e5a,0.02251291020410189
ck_a032e8ac1507c6df,0.6349387642789508
ck_7e2d6b22a0ae20c2,0.1457412318296775
ck_d80283209c963f11,0.0023902154378191314
ck_d1157eade2ac3975,0.020117236572976385
ck_be48f583f79427f7,0.03846201281440668
ck_0027b5d4107d65d8,0.061898493118947545
ck_94fff69584dd3b2a,0.03329655922039861
ck_75fcda73f0b43557,0.0035330254192476006
ck_a1c78972e4ee4082,0.00442054759206346
ck_f0982bbdbd122f91,0.0038079453806382705
ck_3199b471575aeb3a,0.006422563108046445
ck_7fa947a0b1c1cf74,0.1626821955875934
ck_a60c618b7f0e4252,0.003166273698201435
ck_722ac47c8ac9b6c3,0.05578414573325486
ck_d44dc3839a195c8a,0.18032842424890233
ck_a2c3e82fab520483,0.03415456685903455
ck_6f8ae0319c07cafe,0.020286700852926998
ck_49886ff1e2c759d6,0.043235299883985855
ck_150a1108f936e6b0,0.004340976479410539
ck_e21f9f96f597695b,0.012116171938556318
ck_7297bff2b7fdcbc8,0.007932972150112202
ck_ee949c71f4f702eb,0.8265099844390486
ck_6fc37dea4b4f35c6,0.0743384601961676
ck_e76257caa98dc25d,0.9943953267737358
ck_828eef2334e17b3a,0.00410673070886508
ck_604e1b8a8c693aa7,0.05503216072059431
ck_7743c9fe037d1f9e,0.12048294005293428
ck_864a11202e19e812,0.1354352816871046
ck_4ec040b9e3785e4a,0.04244754981907634
ck_7346e4f820d9c00a,0.686180478046093
ck_48d4d63beb26b623,0.20603779337440217
ck_c423aa6de3ed1e01,0.006496982406623895
ck_d74b2ead8aaa3f73,0.005806945721638365
ck_1dd69a11daa7bf1a,0.06535197434724455
ck_d9143e236eef177f,0.05230960378108857
ck_f790d91e5ff0eccd,0.042068430156739105
ck_69b5620e00ef5dec,0.00981742455844736
ck_cd32e58e8a1c0e85,0.0097659579462926
ck_064013b0957d87a5,0.9923753905367108
ck_a481385c2e60dc4a,0.010491394500955153
ck_d72035cb29db3aa4,0.01547284798565895
ck_3759939a0205306d,0.02500586710768487
ck_f437a53fc832ec95,0.03188439049998909
ck_260ef2f3e6434819,0.0639567750635487
ck_35e411b05d22f663,0.02177846848673256
ck_8bf46e472f3e20de,0.07836433653345753
ck_d546994fc5d3e9d1,0.0027151119807136094
ck_6ff0fc7487e737e7,0.4099465802415902
ck_5c67f27816ae0b6f,0.005192117224330064
ck_c5517923458106ae,0.006229624835989852
ck_d9735647a6b0b0a7,0.7959956904613434
ck_541a734fc457246f,0.05355043506208432
ck_2f6a639468f41043,0.008187352156746793
ck_bea2cf7a6b7bb900,0.0047119002068901255
ck_7eebd0e6ad6c070e,0.009396381712418389
ck_b64c87d5e3b10e6a,0.4010030386172336
ck_9dd7daacb7833233,0.03063282931089529
ck_396e9ea9a6c6d7d9,0.1238266923591283
ck_1645e6cc53fa99ff,0.023698017332446156
ck_ea2a83ccb8d57490,0.033204603659341594
ck_e64f0df63e1be595,0.012448478251348784
ck_fa0b234481cb57d3,0.05433922157309709
ck_63379e3c9fe6f711,0.03230120706121442
ck_c67f7944896a0310,0.010722917352423816
ck_c10e54c9db29e6ef,0.9932756937703325
ck_7184ad7709ae4c80,0.02278976439682582
ck_f8b6069d7577fde6,0.032773878574109586
ck_18444be153bac1ca,0.4693259266894236
ck_d0982b4e0e118e4d,0.3407669613283109
ck_6faf3e6820398866,0.0010952580140847522
ck_97e980463aca4644,0.00872707612875436
ck_630c835243c66b19,0.6272846267660585
ck_fe429ba3e1aa0e4f,0.010606804776117142
ck_1058129ed7b48c59,0.023994776159470738
ck_04a1a46f07885296,0.013356577546861072
ck_f01e94331067edf6,0.002933931942513235
ck_77b2fb17c29f5e72,0.010857081374096227
ck_4f0c5857da45fb28,0.026328578336930076
ck_2cfb9a7775e8a5bc,0.9894127005915097
ck_6846100e43659bf3,0.01850046079418417
ck_f89719a854fe11d7,0.011774348802825222
ck_bf47375e41ca3bc0,0.006668557491230177
ck_2770b0400a7bef08,0.09030443088848843
ck_2a09d142de1c77ff,0.005676965891106186
ck_857a1f5547b9ad68,0.010209772455908787
ck_185f15b1523bbcf4,0.022155879200297834
ck_ab2aed614ec1cdf8,0.00470647128025292
ck_a9e7f3b2d5dfd97b,0.002131447459265115
ck_0eeb3d9b3e697edb,0.010814193637450318
ck_fa5830d81bc8ddc1,0.02405931046729981
ck_231ae0329ebc3220,0.04500394889208764
ck_1587763dd54688c9,0.05450044584490154
ck_9f85fea4490c00cf,0.00662221019935614
ck_a2d709e7eb91e4af,0.03807622454671957
ck_43637d28c7216453,0.01026948888302367
ck_f3ab5dd853d38252,0.008135224084780667
ck_4a1f0172d3bf4fd3,0.02117453797516324
ck_517620ca16505af0,0.003754546831730291
ck_9ae904fbef56065c,0.03633641405744224
ck_d5ef1f6e34bb35b8,0.03173772050148436
ck_ff42557857ae3aeb,0.02223847371490713
ck_ad9a18f58589faa7,0.038520408399875264
ck_df1a6edaa3e6b271,0.00531477834190247
ck_99021fe7225b5a68,0.005199794965168753
ck_99e52c3c2530b69e,0.9951960100637626
ck_3a4811dc4a1a891d,0.014868488737228052
ck_ba3a6be026c87079,0.004262809606965461
ck_da6d1e5cf6aba6fd,0.02162539388074979
ck_ddc7c1f3d45fe6e6,0.03793113650655941
ck_e1b1e7a7e4a15b3e,0.06313815855617995
ck_8288f7f226e08b89,0.006795895394645496
ck_c4524993ec31dbe5,0.01552915132852208
ck_8b19bb5b23b6741c,0.004400457836730925
ck_d21b38231a8a9f4a,0.17300525260131733
ck_3f730318a9792292,0.03748582622852628
ck_a4db6e94a8f77f9d,0.040205494234494536
ck_a8cac8d480306839,0.018193183495355255
ck_5472214011fbc2a7,0.006166128698124971
ck_7356f47dbbbe7904,0.035189522900333337
ck_16801e628e883d78,0.004099049546408278
ck_0dc1e536231c4860,0.0024047297590838955
ck_7cd0634a6e60af83,0.007724483384902942
ck_ef6f8e048ae1bd4b,0.005551147243443448
ck_82f3f744209888ac,0.022167216730037582
ck_f33188c232a03526,0.7914109113217814
ck_4a59f4e10bf45d7f,0.00960302151740537
ck_d96c893721385e4e,0.00585636299912316
ck_f65ab819373edb37,0.022454620197802238
ck_21cac21fc10b7768,0.006414715411211211
ck_139b54e6ccbdd7da,0.12030668917904135
ck_d6f5c8741697abb3,0.019056204921983316
ck_a28d9bb5590d458f,0.08891086673696395
ck_ed26d906883bea0a,0.0629586499629476
ck_227602ad072b838b,0.010107844960973406
ck_39d5f6c17c745ab1,0.0037676228665367273
ck_744eade757ba69b5,0.01141010209168219
ck_c1295d97cdf35ec2,0.0013946749793923323
ck_69105f881da3c821,0.0045465259253469345
ck_933789b55361d7c1,0.7746373383052803
ck_b667952253503174,0.020409493629024937
ck_7bf668e25abeeb05,0.003351916989787335
ck_91742711dfdffd56,0.02474340386636359
ck_af32a0660090dd68,0.05799847848810175
ck_2122f201e65f76ee,0.00538075939773823
ck_f48acb73a5d6af07,0.0585998062206985
ck_337c5684510cf432,0.02144886551379685
ck_f7bde7265053364d,0.01297088279364249
ck_c190c7b924edba75,0.08456938858120494
ck_044fa3b3a003f0b5,0.017581970417944168
ck_87eb43e3b9d96169,0.06859849322518903
ck_2d3d6c9364362017,0.0037416061940613397
ck_ac55dc6cbcdf8228,0.004283949978587061
ck_61d7b0568ec5d6cf,0.029895105046027364
ck_89c74feeaffa7d09,0.018036002823780175
ck_93776b0c113f41f0,0.10514270865988919
ck_15e0b679931f7a8d,0.018678363465917534
ck_77b56c49cfdb1d81,0.11728827832728539
ck_73188a826b5f499f,0.00547984274816804
ck_4f463ef25325ddfa,0.2588039558308029
ck_863db2e394dc47d1,0.8180888859339123
ck_d52432ed597f3cc9,0.009738217209009551
ck_04fb61e5739642f8,0.33407201531955016
ck_2e481d75d110c06d,0.08214119101935778
ck_3fa1a523d77cd619,0.02769797434853456
ck_466dc6274fecd708,0.02957976886422705
ck_e1790b3aa2241b10,0.7752099432413947
ck_84ad096a46e1a960,0.04535096998576897
ck_3be72c9c178fa00d,0.018779706632318434
ck_5a17c89219d1d9fe,0.0023485677048928977
ck_4f639f4ee6ce8d9e,0.2346406448237873
ck_f4ec4a935e51b4db,0.01401148759921083
ck_f04040a830f92bac,0.08006193982444834
ck_3e4d02a04be2aaf8,0.04490972778727471
ck_4d1baef193cfb900,0.030299941722863367
ck_0fb3153d37626b75,0.021424877419772972
ck_88ec57a11b11f702,0.44180583197903556
ck_dca9dc465f759db4,0.005675903898655908
ck_64f5fba6af67e024,0.03524739799930739
ck_896096cb167254ef,0.054159403114561064
ck_7878679065876b98,0.05799153197240494
ck_fe8e5a6c880ceb4e,0.0015397221419932595
ck_a5e036327d3d1862,0.003989222034500728
ck_310f73940fc4cf4f,0.014834285094727414
ck_46a8db16ad00b749,0.011524396550891188
ck_0d33977c3de8cfaf,0.989721958088422
ck_c6fff412f531db0f,0.007930473087711921
ck_bac6dadf428eaea9,0.03931888740514752
ck_1b96d9af0d7da2d5,0.0016429590044096294
ck_fa8a4a9e77799fcc,0.006142358190050493
ck_0bf48607a874b4d1,0.013744103433984918
ck_eeb75f8a6439f65e,0.023663728477399403
ck_a209a5f7d172125e,0.013631998298867269
ck_8f346b72fb40bf14,0.010067328816571984
ck_bccbf9fef367f00f,0.0066099027573483906
ck_2d1548f1ee405cc9,0.17423456613171373
ck_e8298ff2dc1e9d50,0.0017257678583480905
ck_77c0fb524edb4a94,0.0335926473385611
ck_28ac4c5134cb8e77,0.05767204888590327
ck_db23a0e3e54be60c,0.09551887612683511
ck_a059d00cee5cee99,0.020862243792125736
ck_3e9e3bba8bd363af,0.018905633807531814
ck_0428728df24cdab4,0.005970059524920886
ck_88cd35378075c84f,0.013829952241187177
ck_0174d76398d9dc0f,0.3717483129062269
ck_3f1287e6c27de0dc,0.013775151434897234
ck_ff822700f3605e06,0.9991259649947808
ck_4563227b2038ae07,0.08031712551144281
ck_788e78065526ee19,0.019920507483953603
ck_8a16eb584093b12f,0.010991591656515422
ck_cc276f71ab6c08fd,0.025659409579571815
ck_d61d97b21002f3e9,0.04216962899913595
ck_4b2e87d86a5e415c,0.04480712042918866
ck_3e6f35e4500d2f2a,0.0028337603836113517
ck_3acdb083e0d8ad61,0.007711142812174193
ck_cd655202db489010,0.023260286984899944
ck_829cbf5ccda481ae,0.0033589172862391746
ck_f5882e6f98b8b4cd,0.013680686805664774
ck_767947540b234add,0.02721797844859235
ck_a6e8e8f535b1f1d1,0.07586858624398313
ck_58412a2674fea506,0.0029905974913095796
ck_fae7e518a585fa61,0.01207323109318623
ck_9c60ae6958d68dbd,0.2952493098220632
ck_328696b8f5e54ec6,0.06529356061468318
ck_7df3f8f4f1068d62,0.036574809975604534
ck_cfadd21458230ef7,0.005045319164653635
ck_7048bedd554c703b,0.0340074984442311
ck_50422466f145bfd7,0.021551555077532814
ck_61e1f7168cd9ff25,0.06434910454015792
ck_733aff0f56f5b3c9,0.0410881990437384
ck_e14892e424180549,0.011901951481583817
ck_03f6664a96de7d0f,0.02653199619618417
ck_b7f4baa2cc82fe61,0.005505046420452746
ck_1e51199a075ca0fa,0.006072452601191468
ck_0e70516fa07cfb17,0.854437350783118
ck_0f37c554a5057801,0.05295970434066392
ck_5576b725de38d106,0.0030063016385709915
ck_82f360df1e9f4eb8,0.038565759258260696
ck_395f3bd4aacd7ca6,0.014212690417763546
ck_5e8e857b63966609,0.1590649310576099
ck_93470896f0804b6b,0.9273479967979362
ck_3be854e42e76569a,0.014494239617730945
ck_0567302c57a2417e,0.23556311664749305
ck_ee535461b5f05539,0.2731317911495314
ck_94a096c36162a153,0.01567147769186013
ck_dfc8f5c141fd7c63,0.038593602577915866
ck_98b34f2d704c1c2a,0.02692875070850434
ck_96dff7a09d45f116,0.011874410787556449
ck_79557434c129ba52,0.08210345470220753
ck_4596624a7c01d501,0.00570217337930323
ck_04e89fbd739243fa,0.0054586720924206045
ck_6149ffaf18872dc8,0.004869348771244913
ck_cd78f0832a09bd8f,0.02353244035893805
ck_7e29c10d781c3b41,0.006513442421995859
ck_1f7ee7b23fc6f2f4,0.0027118049801945826
ck_c49b685d2b3ab89a,0.009087850821324692
ck_84569a8fc50e73ac,0.010215208692331569
ck_b92b11d205af91eb,0.00953190740871173
ck_06280e6d6d2485b0,0.0018545995602421879
ck_3c08546dd0c92863,0.020487010566545397
ck_99d3983f907828bf,0.06287309375821001
ck_eccfd552aa652d3c,0.027719996199437404
ck_0cff8153881875ba,0.0758254427717125
ck_c1aebbeca6ab5ff9,0.0028568388134470385
ck_538fdbbb3c2bcbbb,0.01160712063702405
ck_8c0210322733c718,0.009849478213542668
ck_0b0c93039f987abc,0.01796682693784679
ck_6d07d6d1bd227d37,0.13017910558057247
ck_9b6ee35e8cd0b11c,0.013183572448176355
ck_d838491d3d4f5ecf,0.027557650310250897
ck_0593ae243a9ebee9,0.016289535667647438
ck_ef261fc09be8eb0b,0.0029299543709010605
ck_d0935b571a4a3868,0.006639246555715762
ck_97d04a67a104af39,0.055274443443827585
ck_e25f70d0b7229420,0.008813750305736306
ck_9b71274ff83de482,0.9953086155166273
ck_6de2aa2bb60978d3,0.053055533324971225
ck_eda55c8fb47593d7,0.016333843729674967
ck_924e572517515f19,0.40092043921649034
ck_d6f27eacbad310f4,0.0034729704941148633
ck_8550f229b5eb03ab,0.007931519392264006
ck_e3e95546a84d0ed8,0.08898474079984069
ck_3135c019696ee6af,0.9525867609018328
ck_41ba315d8fccb559,0.005437032888923963
ck_72b86e4485da2d0f,0.9403150431335382
ck_daaa995f3c2f0e47,0.008248361214586428
ck_053746067839696b,0.02278976439682582
ck_a15fe7d0f4b65c33,0.38911523242891044
ck_15de11438732bb05,0.03060104820232182
ck_2c4d25acbe3fabd9,0.015898503012588404
ck_7f08078908599bd2,0.06514216120916172
ck_e794741742fb2619,0.015065853923345371
ck_238e53b6dee8c301,0.007393094039753779
ck_53a6a33060d5c8b8,0.013982546177011656
ck_0e0919292ad33472,0.6527286514842655
ck_d86ccf148c06c8c8,0.02015832152892139
ck_c881f26c9bf9ae42,0.6601476643714203
ck_4b0947bf94e9d847,0.013196283563884258
ck_e10ff5c38bd18470,0.029102127351256977
ck_b60de9e97aad9e45,0.4048368234721762
ck_190bc849e5ff5401,0.06841915446344865
ck_e7be077aa0b2632c,0.0401718904564505
ck_a51abde881ebeff3,0.03589502491681674
ck_2208392a9f6bd249,0.0068108959380887
ck_0259da8f109017e9,0.03951179760036201
ck_05e01ab9c95449da,0.049863586473187456
ck_c82897ebffb6ae66,0.005914861128858975
ck_b4a6bb4689cd7cfa,0.01633646319528801
ck_9e21ea33018ce538,0.01589008073068181
ck_caa348f0e65db062,0.7545017759066264
ck_a964e6b5d8415334,0.20535965249098587
ck_510bfbbee37ff436,0.007567202290690892
ck_9741a82faf5c7889,0.05236846073720211
ck_e7f61b4a39ba98ac,0.007348205964026832
ck_069d158665a53909,0.03691136958091656
ck_6426427efe3228af,0.03135080033692729
ck_ab4a8d02ec3c0fd7,0.004589907477873406
ck_aefa0d8d933e0eca,0.02048057923919531
ck_232325ef6bce92f1,0.005372191459650153
ck_14e58c3fb26a2b4d,0.02577394583005488
ck_06e73afdec26aecc,0.18056234175570596
ck_3168f4f2778d64e1,0.014891592289446108
ck_ff3998d6858daa21,0.003949319306688584
ck_bccff46fb0868454,0.2982302048432876
ck_c7d444d90fa86d7c,0.3507945025404594
ck_f0bc3bdee6bfbb94,0.02731005582576857
ck_f7112818a6d81422,0.0251176230312212
ck_aca35dbcb835ad02,0.07730927570552845
ck_f637fabf0f60528f,0.04738654269061607
ck_53d17ab97de1ac3e,0.06961732963860649
ck_c8c1bf16d9113493,0.019505258344506247
ck_e842fb0cf055a83b,0.1031875915122225
ck_93c0cb3dac4891fe,0.011615063523979547
ck_0c1f088e17e46daf,0.02278976439682582
ck_8f4b384955bf57c9,0.00340854319596112
ck_09cd5c4df1e81ac2,0.08736294621599708
ck_1e832a5b2342554f,0.04792307136554629
ck_2cb763a881aee27f,0.0013866344534387966
ck_5875828b11406398,0.008465425188558593
ck_48e84b0cb0b90fa7,0.02278976439682582
ck_833688de8629c5c0,0.003351197081526528
ck_117d78ccd5820f36,0.010917548062484891
ck_668ec61c4c39cae3,0.009113458745622256
ck_73a7794b659d7a34,0.037727562588346676
ck_10f90d879209734f,0.018077049228158875
ck_d1d079913aa158bf,0.01808127100015778
ck_01c631b38e8a9535,0.02767614955275239
ck_f6923088c17a04e2,0.13493268747730458
ck_b447badc9138987d,0.006768459862437999
ck_8b772caed8f1541c,0.00755770091914908
ck_5403c76fe68a08ba,0.30904998126219896
ck_3e6833574edf1736,0.015442012850259616
ck_e527fbb9450a4581,0.465445054170307
ck_cc90e219f1ebf390,0.005207437707416846
